year,cesm2_N,cesm2_se,cesm2_low,cesm2_high,emulator_N,emulator_se,emulator_low,emulator_high
1850,-0.505770,0.281394,-0.968664,-0.042877,0.119980,0.285456,-0.349595,0.589554
1851,-0.134348,0.257547,-0.558013,0.289318,-0.014729,0.354214,-0.597411,0.567954
1852,0.324153,0.263256,-0.108903,0.757210,0.023632,0.284346,-0.444118,0.491381
1853,0.384048,0.220188,0.021838,0.746258,0.221105,0.418905,-0.467994,0.910204
1854,-0.174223,0.331893,-0.720186,0.371741,0.322620,0.329715,-0.219762,0.865002
1855,-0.133548,0.205049,-0.470854,0.203758,-0.191149,0.336861,-0.745286,0.362987
1856,0.043657,0.184625,-0.260051,0.347365,-0.276914,0.320710,-0.804481,0.250654
1857,-0.363066,0.153571,-0.615691,-0.110442,0.020208,0.389150,-0.619943,0.660359
1858,-0.077721,0.219751,-0.439211,0.283769,-0.006973,0.396168,-0.658669,0.644723
1859,0.355078,0.216446,-0.000975,0.711131,0.239685,0.372889,-0.373717,0.853088
1860,0.183613,0.237693,-0.207392,0.574617,-0.234308,0.196170,-0.557007,0.088392
1861,0.127486,0.273312,-0.322112,0.577084,0.093219,0.320377,-0.433801,0.620238
1862,-0.013145,0.242671,-0.412338,0.386048,0.487896,0.299485,-0.004756,0.980548
1863,0.102887,0.261333,-0.327007,0.532780,-0.164867,0.413261,-0.844680,0.514947
1864,0.071325,0.210881,-0.275573,0.418224,-0.191640,0.250539,-0.603776,0.220496
1865,-0.299311,0.248110,-0.707453,0.108830,0.023932,0.386560,-0.611958,0.659823
1866,-0.195065,0.235126,-0.581848,0.191717,0.159442,0.338180,-0.396865,0.715748
1867,0.234882,0.232617,-0.147773,0.617536,-0.006973,0.370321,-0.616151,0.602204
1868,0.550291,0.296614,0.062361,1.038221,-0.241049,0.271850,-0.688243,0.206144
1869,-0.154098,0.285420,-0.623614,0.315419,-0.036274,0.308546,-0.543832,0.471284
1870,0.398984,0.206383,0.059485,0.738483,-0.210555,0.240033,-0.605409,0.184299
1871,-0.033747,0.233616,-0.418045,0.350551,-0.341203,0.216619,-0.697541,0.015134
1872,-0.148911,0.335172,-0.700270,0.402448,-0.110259,0.346505,-0.680260,0.459741
1873,-0.288713,0.264527,-0.723860,0.146435,0.050412,0.226978,-0.322967,0.423791
1874,0.115498,0.264683,-0.319905,0.550902,-0.389412,0.245727,-0.793633,0.014808
1875,0.533258,0.298500,0.042226,1.024291,0.065379,0.178522,-0.228290,0.359049
1876,-0.124706,0.178781,-0.418801,0.169388,0.181240,0.181610,-0.117508,0.479989
1877,-0.085941,0.285668,-0.555866,0.383983,-0.310846,0.349477,-0.885736,0.264044
1878,-0.431345,0.212835,-0.781459,-0.081232,0.127202,0.419633,-0.563093,0.817498
1879,-0.271549,0.285783,-0.741662,0.198563,-0.101939,0.286530,-0.573280,0.369403
1880,0.366533,0.230340,-0.012376,0.745443,-0.244133,0.395287,-0.894380,0.406115
1881,-0.130145,0.322972,-0.661434,0.401144,-0.201245,0.468716,-0.972282,0.569792
1882,0.073267,0.264108,-0.361190,0.507725,-0.136456,0.350154,-0.712459,0.439548
1883,0.082753,0.281271,-0.379937,0.545443,0.013043,0.443512,-0.716535,0.742620
1884,-0.645987,0.241157,-1.042690,-0.249284,-0.291793,0.369500,-0.899619,0.316034
1885,-0.265670,0.335678,-0.817861,0.286520,-0.115326,0.331858,-0.661232,0.430580
1886,-0.023375,0.206581,-0.363201,0.316450,0.430503,0.272070,-0.017052,0.878058
1887,-0.273638,0.240800,-0.669753,0.122477,-0.132750,0.449705,-0.872516,0.607015
1888,-0.181940,0.231132,-0.562152,0.198273,-0.016863,0.252757,-0.432648,0.398922
1889,0.017113,0.199684,-0.311367,0.345594,0.089698,0.366686,-0.513500,0.692897
1890,0.089984,0.279900,-0.370451,0.550419,0.075845,0.280745,-0.385981,0.537671
1891,-0.420571,0.286080,-0.891174,0.050031,0.215327,0.411917,-0.462276,0.892930
1892,0.465279,0.219213,0.104674,0.825884,-0.358432,0.225668,-0.729657,0.012792
1893,0.272901,0.213481,-0.078274,0.624077,0.407160,0.389382,-0.233372,1.047693
1894,-0.292418,0.271532,-0.739089,0.154253,0.381912,0.277361,-0.074347,0.838172
1895,-0.347753,0.250901,-0.760484,0.064979,-0.016435,0.275723,-0.469999,0.437129
1896,0.376595,0.184547,0.073016,0.680174,0.110713,0.165390,-0.161354,0.382780
1897,0.058619,0.250382,-0.353260,0.470498,0.286871,0.373856,-0.328122,0.901864
1898,0.245541,0.224556,-0.123853,0.614935,0.040745,0.265282,-0.395645,0.477135
1899,0.052748,0.237739,-0.338333,0.443829,-0.079372,0.327010,-0.617303,0.458559
1900,0.490210,0.261773,0.059594,0.920825,0.234126,0.508028,-0.601580,1.069831
1901,-0.141679,0.331230,-0.686553,0.403195,-0.272369,0.318537,-0.796362,0.251623
1902,0.595561,0.249167,0.185681,1.005440,-0.157034,0.196527,-0.480321,0.166253
1903,0.023207,0.205030,-0.314068,0.360482,-0.431455,0.245320,-0.835007,-0.027903
1904,-0.067252,0.242941,-0.466890,0.332386,0.156097,0.346239,-0.413466,0.725660
1905,-0.670061,0.244760,-1.072692,-0.267430,-0.303624,0.275573,-0.756941,0.149693
1906,-0.062172,0.251554,-0.475979,0.351635,0.437892,0.296978,-0.050636,0.926420
1907,0.013539,0.195094,-0.307390,0.334469,0.286707,0.438124,-0.434008,1.007422
1908,0.010521,0.185892,-0.295271,0.316314,0.489792,0.400279,-0.168668,1.148251
1909,-0.258755,0.263149,-0.691635,0.174126,-0.245456,0.387062,-0.882174,0.391261
1910,-0.604121,0.254153,-1.022202,-0.186040,0.133779,0.521788,-0.724563,0.992120
1911,0.380667,0.218518,0.021205,0.740129,0.275778,0.236323,-0.112973,0.664529
1912,0.230355,0.224487,-0.138926,0.599637,0.083783,0.301869,-0.412792,0.580358
1913,-0.410203,0.330530,-0.953925,0.133519,0.023713,0.263902,-0.410406,0.457832
1914,0.309547,0.267146,-0.129909,0.749002,0.008010,0.369414,-0.599677,0.615697
1915,0.108392,0.201466,-0.223019,0.439803,0.058817,0.644657,-1.001644,1.119278
1916,0.065134,0.270708,-0.380181,0.510448,0.020044,0.273666,-0.430137,0.470224
1917,0.274861,0.271777,-0.172212,0.721934,0.112551,0.411508,-0.564379,0.789481
1918,0.311002,0.216366,-0.044921,0.666924,0.055758,0.221032,-0.307839,0.419355
1919,0.288655,0.311053,-0.223028,0.800338,0.179655,0.224330,-0.189368,0.548678
1920,0.246717,0.239927,-0.147963,0.641397,0.405906,0.360407,-0.186964,0.998775
1921,-0.125960,0.266807,-0.564857,0.312937,0.384715,0.374234,-0.230900,1.000330
1922,0.093936,0.268320,-0.347451,0.535322,0.449689,0.302946,-0.048657,0.948036
1923,-0.191229,0.238549,-0.583642,0.201184,0.120188,0.317848,-0.402672,0.643048
1924,0.086489,0.181046,-0.211331,0.384309,-0.103202,0.246067,-0.507982,0.301579
1925,-0.023962,0.202466,-0.357019,0.309095,0.294582,0.508258,-0.541502,1.130667
1926,0.391420,0.290778,-0.086910,0.869750,-0.284336,0.362234,-0.880211,0.311538
1927,0.119007,0.259085,-0.307188,0.545202,-0.089940,0.308665,-0.597695,0.417814
1928,-0.070531,0.316627,-0.591382,0.450320,-0.318254,0.307310,-0.823779,0.187270
1929,0.275841,0.220803,-0.087379,0.639062,0.353400,0.349302,-0.221202,0.928001
1930,0.467828,0.203375,0.133276,0.802381,0.029141,0.388016,-0.609145,0.667426
1931,0.263491,0.240645,-0.132371,0.659352,0.073324,0.234508,-0.312442,0.459090
1932,0.418501,0.262413,-0.013168,0.850170,0.288269,0.249315,-0.121855,0.698392
1933,0.367222,0.237975,-0.024247,0.758690,-0.055864,0.353577,-0.637498,0.525771
1934,-0.250996,0.236545,-0.640113,0.138121,0.537874,0.304250,0.037383,1.038365
1935,0.266392,0.277976,-0.190879,0.723662,0.108184,0.271224,-0.337979,0.554347
1936,0.298675,0.224918,-0.071316,0.668665,-0.028461,0.276057,-0.482575,0.425652
1937,0.482343,0.224512,0.113022,0.851665,0.061042,0.229206,-0.316002,0.438085
1938,0.354399,0.253907,-0.063278,0.772076,0.072964,0.389430,-0.567648,0.713575
1939,-0.006784,0.261305,-0.436631,0.423063,-0.200692,0.273433,-0.650488,0.249105
1940,0.620613,0.334141,0.070952,1.170275,-0.114097,0.235943,-0.502223,0.274030
1941,0.114318,0.364964,-0.486048,0.714683,0.145794,0.219360,-0.215053,0.506641
1942,0.886317,0.216821,0.529647,1.242987,0.417785,0.312643,-0.096513,0.932083
1943,0.652601,0.226115,0.280642,1.024560,0.012060,0.215127,-0.341824,0.365945
1944,0.368709,0.236585,-0.020474,0.757891,0.241157,0.194256,-0.078394,0.560708
1945,0.264325,0.330782,-0.279812,0.808462,0.178983,0.382114,-0.449594,0.807561
1946,0.429710,0.197165,0.105373,0.754046,0.274068,0.198226,-0.052015,0.600150
1947,0.405032,0.242840,0.005559,0.804504,0.206483,0.420404,-0.485082,0.898047
1948,0.115374,0.370662,-0.494364,0.725113,0.354604,0.341097,-0.206501,0.915709
1949,0.220159,0.225708,-0.151130,0.591448,0.652277,0.355507,0.067468,1.237086
1950,0.287189,0.240785,-0.108902,0.683280,0.390811,0.153583,0.138167,0.643455
1951,0.361717,0.285335,-0.107659,0.831092,0.351328,0.588961,-0.617513,1.320168
1952,0.076381,0.257095,-0.346541,0.499302,0.260795,0.420017,-0.430133,0.951723
1953,0.266232,0.307236,-0.239171,0.771635,0.281918,0.194450,-0.037952,0.601788
1954,0.647509,0.264538,0.212344,1.082674,0.593895,0.335953,0.041252,1.146538
1955,0.218402,0.312762,-0.296091,0.732895,-0.059596,0.286268,-0.530508,0.411316
1956,0.124609,0.370564,-0.484969,0.734187,0.350017,0.303662,-0.149507,0.849541
1957,0.518753,0.280120,0.057956,0.979551,0.565049,0.263550,0.131509,0.998589
1958,0.672405,0.211340,0.324751,1.020060,0.384687,0.261658,-0.045740,0.815115
1959,0.454638,0.316718,-0.066363,0.975638,-0.059361,0.305627,-0.562118,0.443395
1960,0.399262,0.333255,-0.148943,0.947467,0.398536,0.426060,-0.302332,1.099405
1961,0.485649,0.217717,0.127506,0.843793,0.087401,0.259579,-0.339606,0.514408
1962,0.780784,0.267733,0.340363,1.221204,0.094998,0.362262,-0.500923,0.690920
1963,0.559374,0.297656,0.069730,1.049018,0.295664,0.275378,-0.157333,0.748661
1964,0.166414,0.309984,-0.343510,0.676339,0.631296,0.313846,0.115019,1.147573
1965,0.149439,0.219918,-0.212327,0.511205,0.445715,0.310962,-0.065818,0.957248
1966,0.090591,0.252364,-0.324547,0.505729,0.261764,0.243344,-0.138537,0.662065
1967,0.369713,0.325000,-0.164912,0.904339,0.280689,0.376230,-0.338210,0.899588
1968,0.445412,0.285868,-0.024840,0.915665,0.177289,0.221311,-0.186767,0.541345
1969,0.005784,0.200855,-0.324623,0.336190,0.391294,0.259742,-0.035981,0.818569
1970,0.321185,0.249732,-0.089625,0.731995,0.099714,0.329305,-0.441993,0.641421
1971,0.442444,0.286227,-0.028400,0.913288,0.337869,0.316276,-0.182405,0.858142
1972,0.226167,0.217457,-0.131549,0.583884,0.273393,0.451797,-0.469813,1.016598
1973,0.380192,0.242174,-0.018184,0.778569,0.513410,0.467428,-0.255510,1.282330
1974,0.680223,0.273546,0.230241,1.130206,0.518512,0.433228,-0.194148,1.231172
1975,0.107079,0.290463,-0.370732,0.584890,0.818718,0.299525,0.326000,1.311435
1976,0.514229,0.414592,-0.167775,1.196233,0.186253,0.346673,-0.384024,0.756530
1977,0.524027,0.303809,0.024262,1.023792,0.506089,0.528876,-0.363911,1.376090
1978,0.125179,0.243459,-0.275311,0.525669,0.799426,0.564456,-0.129105,1.727956
1979,-0.287300,0.226650,-0.660139,0.085540,0.857039,0.377332,0.236328,1.477750
1980,0.050197,0.399216,-0.606514,0.706907,0.512773,0.359717,-0.078961,1.104508
1981,1.059068,0.304047,0.558910,1.559225,0.433211,0.335862,-0.119282,0.985704
1982,0.483981,0.147522,0.241306,0.726655,0.455486,0.339378,-0.102791,1.013763
1983,0.371580,0.255357,-0.048482,0.791641,0.692028,0.400260,0.033599,1.350456
1984,0.615546,0.308354,0.108303,1.122789,0.811340,0.422364,0.116551,1.506128
1985,0.631192,0.233280,0.247446,1.014938,0.258374,0.309352,-0.250509,0.767258
1986,0.470259,0.335584,-0.081776,1.022294,0.515224,0.271435,0.068713,0.961734
1987,0.699123,0.328182,0.159263,1.238983,0.638449,0.351372,0.060441,1.216456
1988,0.416868,0.267576,-0.023294,0.857030,0.381967,0.345470,-0.186331,0.950265
1989,0.522900,0.250146,0.111411,0.934390,0.275287,0.342743,-0.288525,0.839099
1990,0.435492,0.343434,-0.129457,1.000442,0.458296,0.291243,-0.020798,0.937390
1991,0.787718,0.217830,0.429388,1.146049,0.484892,0.307670,-0.021225,0.991009
1992,-0.019391,0.302542,-0.517072,0.478290,0.925844,0.388613,0.286576,1.565112
1993,0.251198,0.301297,-0.244436,0.746831,0.425564,0.252123,0.010822,0.840306
1994,0.928294,0.357443,0.340300,1.516288,0.846313,0.409822,0.172157,1.520470
1995,0.544309,0.253898,0.126647,0.961971,0.757302,0.384696,0.124478,1.390127
1996,0.069798,0.235233,-0.317161,0.456756,0.084657,0.254823,-0.334527,0.503841
1997,0.302060,0.307573,-0.203898,0.808018,0.500438,0.324232,-0.032924,1.033800
1998,0.822783,0.349043,0.248608,1.396959,0.855956,0.441463,0.129749,1.582163
1999,0.767880,0.195917,0.445597,1.090163,0.512776,0.389110,-0.127311,1.152862
2000,0.470432,0.369137,-0.136799,1.077662,0.288880,0.341773,-0.273336,0.851097
2001,0.910515,0.333894,0.361259,1.459770,0.799602,0.310322,0.289123,1.310082
2002,0.725658,0.278599,0.267362,1.183954,1.045648,0.353728,0.463765,1.627530
2003,0.774822,0.367556,0.170193,1.379451,0.693133,0.368255,0.087355,1.298912
2004,0.805461,0.282547,0.340670,1.270251,0.888535,0.247745,0.480995,1.296075
2005,0.502019,0.396770,-0.150668,1.154707,1.348848,0.226201,0.976747,1.720949
2006,0.947921,0.384845,0.314851,1.580991,1.209273,0.374290,0.593567,1.824980
2007,0.826270,0.271310,0.379966,1.272574,0.721794,0.363727,0.123462,1.320125
2008,0.706834,0.273588,0.256781,1.156887,0.878386,0.299655,0.385453,1.371319
2009,0.867621,0.386647,0.231587,1.503654,1.288691,0.411193,0.612278,1.965104
2010,0.712283,0.316504,0.191634,1.232932,1.036579,0.465040,0.271587,1.801570
2011,0.560202,0.340250,0.000490,1.119914,1.200884,0.402734,0.538387,1.863382
2012,1.188769,0.395858,0.537582,1.839956,1.245258,0.289165,0.769581,1.720935
2013,0.966329,0.264605,0.531053,1.401605,0.769483,0.277379,0.313194,1.225772
2014,0.666028,0.343283,0.101329,1.230728,1.644604,0.290081,1.167421,2.121787
2015,1.399596,0.343348,0.834789,1.964403,0.854293,0.280452,0.392950,1.315637
2016,1.031736,0.305182,0.529710,1.533761,1.465988,0.258969,1.039984,1.891991
2017,0.475535,0.245886,0.071052,0.880018,1.162868,0.547798,0.261740,2.063996
2018,1.190975,0.252337,0.775881,1.606070,0.202557,0.265743,-0.234591,0.639704
2019,0.654028,0.315000,0.135853,1.172204,0.457912,0.351088,-0.119628,1.035452
2020,1.352788,0.362967,0.755708,1.949869,1.219781,0.347141,0.648734,1.790828
2021,1.050074,0.293275,0.567637,1.532511,1.263151,0.428600,0.558105,1.968197
2022,0.618141,0.322712,0.087280,1.149002,1.311678,0.325597,0.776071,1.847285
2023,1.156092,0.296927,0.667647,1.644537,0.519643,0.380703,-0.106614,1.145900
2024,1.104971,0.263819,0.670989,1.538954,0.944595,0.512087,0.102212,1.786977
2025,0.709384,0.313083,0.194361,1.224406,1.474013,0.351656,0.895539,2.052487
2026,0.415959,0.235230,0.029005,0.802912,0.748138,0.410710,0.072521,1.423756
2027,0.660910,0.345049,0.093304,1.228516,0.832632,0.297637,0.343019,1.322245
2028,1.022492,0.290338,0.544885,1.500098,1.080886,0.389045,0.440906,1.720865
2029,0.568036,0.357164,-0.019499,1.155571,1.613469,0.422355,0.918695,2.308244
2030,0.607733,0.377735,-0.013642,1.229108,1.186161,0.276552,0.731233,1.641090
2031,0.952840,0.306656,0.448391,1.457290,1.524714,0.383132,0.894462,2.154965
2032,1.022343,0.201257,0.691276,1.353410,1.345174,0.345461,0.776890,1.913458
2033,0.796135,0.310938,0.284643,1.307628,1.156847,0.305910,0.653625,1.660069
2034,0.950742,0.270397,0.505940,1.395545,1.113114,0.382219,0.484364,1.741864
2035,0.816610,0.385192,0.182968,1.450251,1.024142,0.469640,0.251585,1.796700
2036,1.013001,0.218139,0.654163,1.371839,1.798329,0.348800,1.224553,2.372106
2037,1.254705,0.312755,0.740224,1.769187,1.722143,0.410128,1.047483,2.396803
2038,1.336488,0.271461,0.889935,1.783041,0.617139,0.305818,0.114068,1.120209
2039,0.990168,0.354380,0.407214,1.573123,1.373767,0.304889,0.872224,1.875310
2040,0.375949,0.231893,-0.005514,0.757413,1.670713,0.298322,1.179973,2.161453
2041,1.607319,0.267500,1.167281,2.047357,0.667388,0.323864,0.134633,1.200144
2042,0.355067,0.333356,-0.193304,0.903438,2.217180,0.330197,1.674006,2.760353
2043,0.414873,0.248117,0.006721,0.823025,1.387201,0.357631,0.798898,1.975503
2044,0.730382,0.246461,0.324954,1.135810,1.551478,0.402751,0.888953,2.214003
2045,1.397956,0.264093,0.963523,1.832388,1.449836,0.347887,0.877563,2.022109
2046,1.408794,0.210938,1.061801,1.755787,1.904377,0.383058,1.274247,2.534507
2047,1.112387,0.214521,0.759500,1.465274,1.279695,0.521738,0.421437,2.137954
2048,1.629142,0.249794,1.218231,2.040052,1.116720,0.397811,0.462321,1.771120
2049,0.857615,0.194929,0.536956,1.178273,1.779690,0.273633,1.329563,2.229816
2050,1.163768,0.257957,0.739429,1.588108,2.085217,0.378431,1.462698,2.707735
