var,side,decade,unit,all,ghg,aaer,sum,residual,residual_se,residual_pct_of_all
TREFHT,CESM2,1850-1859,K,-0.041,0.021,0.028,0.048,-0.089,0.07,218.9
TREFHT,CESM2,1860-1869,K,-0.045,0.049,-0.008,0.042,-0.086,0.067,193.6
TREFHT,CESM2,1870-1879,K,0.044,0.073,0.019,0.092,-0.048,0.065,-107.3
TREFHT,CESM2,1880-1889,K,-0.02,0.112,-0.007,0.105,-0.125,0.064,615.5
TREFHT,CESM2,1890-1899,K,0.053,0.167,-0.054,0.113,-0.059,0.064,-111.2
TREFHT,CESM2,1900-1909,K,0.017,0.199,-0.101,0.097,-0.08,0.063,-461.5
TREFHT,CESM2,1910-1919,K,0.002,0.243,-0.173,0.07,-0.069,0.069,-4360.7
TREFHT,CESM2,1920-1929,K,0.144,0.294,-0.215,0.08,0.064,0.067,44.4
TREFHT,CESM2,1930-1939,K,0.19,0.323,-0.203,0.12,0.07,0.065,36.7
TREFHT,CESM2,1940-1949,K,0.196,0.432,-0.232,0.201,-0.005,0.065,-2.5
TREFHT,CESM2,1950-1959,K,0.2,0.472,-0.293,0.179,0.021,0.063,10.6
TREFHT,CESM2,1960-1969,K,0.09,0.526,-0.463,0.062,0.027,0.066,30.5
TREFHT,CESM2,1970-1979,K,0.236,0.683,-0.548,0.135,0.101,0.067,42.7
TREFHT,CESM2,1980-1989,K,0.36,0.893,-0.666,0.227,0.134,0.073,37.1
TREFHT,CESM2,1990-1999,K,0.493,1.136,-0.738,0.398,0.095,0.076,19.4
TREFHT,CESM2,2000-2009,K,0.889,1.294,-0.729,0.565,0.324,0.075,36.5
TREFHT,CESM2,2010-2019,K,1.137,1.438,-0.761,0.677,0.459,0.073,40.4
TREFHT,CESM2,2020-2029,K,1.32,1.709,-0.808,0.901,0.419,0.086,31.8
TREFHT,CESM2,2030-2039,K,1.618,2.048,-0.8,1.248,0.37,0.09,22.9
TREFHT,CESM2,2040-2049,K,1.989,2.386,-0.827,1.559,0.431,0.1,21.6
TREFHT,emulator,1850-1859,K,-0.006,-0.024,-0.094,-0.118,0.112,0.071,-1748.4
TREFHT,emulator,1860-1869,K,-0.046,-0.028,-0.107,-0.135,0.089,0.072,-191.7
TREFHT,emulator,1870-1879,K,-0.06,-0.026,-0.134,-0.16,0.1,0.07,-168.0
TREFHT,emulator,1880-1889,K,-0.078,0.004,-0.149,-0.145,0.068,0.073,-87.3
TREFHT,emulator,1890-1899,K,-0.069,0.034,-0.194,-0.16,0.091,0.066,-133.0
TREFHT,emulator,1900-1909,K,-0.029,0.089,-0.228,-0.14,0.111,0.068,-380.5
TREFHT,emulator,1910-1919,K,-0.0,0.146,-0.277,-0.131,0.131,0.067,-37440.8
TREFHT,emulator,1920-1929,K,0.05,0.206,-0.282,-0.076,0.125,0.069,251.3
TREFHT,emulator,1930-1939,K,0.141,0.252,-0.288,-0.036,0.177,0.066,125.8
TREFHT,emulator,1940-1949,K,0.19,0.344,-0.291,0.053,0.137,0.064,72.0
TREFHT,emulator,1950-1959,K,0.172,0.397,-0.376,0.021,0.151,0.071,87.5
TREFHT,emulator,1960-1969,K,0.1,0.437,-0.54,-0.102,0.202,0.062,202.8
TREFHT,emulator,1970-1979,K,0.154,0.538,-0.702,-0.164,0.318,0.073,206.4
TREFHT,emulator,1980-1989,K,0.319,0.772,-0.792,-0.019,0.338,0.075,106.1
TREFHT,emulator,1990-1999,K,0.512,0.991,-0.878,0.113,0.399,0.069,77.9
TREFHT,emulator,2000-2009,K,0.852,1.224,-0.879,0.346,0.506,0.07,59.4
TREFHT,emulator,2010-2019,K,1.082,1.39,-0.907,0.483,0.599,0.083,55.3
TREFHT,emulator,2020-2029,K,1.326,1.629,-0.907,0.722,0.603,0.092,45.5
TREFHT,emulator,2030-2039,K,1.682,1.97,-0.918,1.052,0.63,0.121,37.5
TREFHT,emulator,2040-2049,K,2.073,2.305,-0.984,1.321,0.752,0.089,36.3
PRECT,CESM2,1850-1859,%,0.115,-0.026,-0.012,-0.038,0.153,0.269,132.9
PRECT,CESM2,1860-1869,%,0.036,0.028,-0.059,-0.032,0.068,0.279,189.1
PRECT,CESM2,1870-1879,%,0.119,0.08,-0.03,0.05,0.069,0.279,58.3
PRECT,CESM2,1880-1889,%,-0.146,0.093,-0.122,-0.028,-0.117,0.274,80.5
PRECT,CESM2,1890-1899,%,-0.096,0.21,-0.185,0.025,-0.122,0.253,126.4
PRECT,CESM2,1900-1909,%,-0.115,0.225,-0.35,-0.125,0.01,0.254,-8.7
PRECT,CESM2,1910-1919,%,-0.208,0.327,-0.543,-0.216,0.008,0.278,-3.8
PRECT,CESM2,1920-1929,%,-0.155,0.343,-0.689,-0.346,0.191,0.297,-123.9
PRECT,CESM2,1930-1939,%,-0.046,0.398,-0.696,-0.297,0.251,0.283,-547.5
PRECT,CESM2,1940-1949,%,0.097,0.615,-0.834,-0.22,0.316,0.325,327.4
PRECT,CESM2,1950-1959,%,-0.022,0.68,-0.997,-0.317,0.295,0.288,-1340.2
PRECT,CESM2,1960-1969,%,-0.519,0.731,-1.483,-0.751,0.232,0.289,-44.7
PRECT,CESM2,1970-1979,%,-0.506,0.952,-1.786,-0.834,0.328,0.288,-64.9
PRECT,CESM2,1980-1989,%,-0.502,1.222,-2.18,-0.958,0.456,0.29,-91.0
PRECT,CESM2,1990-1999,%,-0.451,1.656,-2.546,-0.891,0.44,0.32,-97.7
PRECT,CESM2,2000-2009,%,0.093,1.981,-2.6,-0.619,0.712,0.284,767.0
PRECT,CESM2,2010-2019,%,0.416,2.106,-2.892,-0.786,1.203,0.262,288.8
PRECT,CESM2,2020-2029,%,0.558,2.517,-3.108,-0.591,1.149,0.349,205.9
PRECT,CESM2,2030-2039,%,1.068,3.052,-3.091,-0.04,1.107,0.343,103.7
PRECT,CESM2,2040-2049,%,1.482,3.595,-3.243,0.351,1.131,0.318,76.3
PRECT,emulator,1850-1859,%,-0.302,-0.371,-0.512,-0.883,0.581,0.363,-192.3
PRECT,emulator,1860-1869,%,-0.41,-0.318,-0.426,-0.744,0.334,0.347,-81.5
PRECT,emulator,1870-1879,%,-0.325,-0.24,-0.417,-0.657,0.333,0.302,-102.4
PRECT,emulator,1880-1889,%,-0.487,-0.276,-0.568,-0.844,0.358,0.401,-73.5
PRECT,emulator,1890-1899,%,-0.608,-0.321,-0.795,-1.116,0.508,0.326,-83.5
PRECT,emulator,1900-1909,%,-0.528,-0.18,-0.884,-1.064,0.536,0.386,-101.5
PRECT,emulator,1910-1919,%,-0.521,-0.02,-0.987,-1.007,0.487,0.393,-93.5
PRECT,emulator,1920-1929,%,-0.561,0.006,-1.097,-1.091,0.53,0.369,-94.5
PRECT,emulator,1930-1939,%,-0.434,0.08,-1.162,-1.082,0.648,0.33,-149.1
PRECT,emulator,1940-1949,%,-0.6,0.156,-1.296,-1.14,0.539,0.312,-89.9
PRECT,emulator,1950-1959,%,-0.759,0.233,-1.629,-1.396,0.637,0.334,-83.9
PRECT,emulator,1960-1969,%,-0.821,0.376,-1.96,-1.584,0.763,0.324,-93.0
PRECT,emulator,1970-1979,%,-0.935,0.451,-2.445,-1.994,1.06,0.446,-113.3
PRECT,emulator,1980-1989,%,-0.83,0.88,-2.661,-1.781,0.951,0.38,-114.6
PRECT,emulator,1990-1999,%,-0.707,1.186,-2.958,-1.772,1.066,0.369,-150.8
PRECT,emulator,2000-2009,%,-0.322,1.524,-3.087,-1.563,1.242,0.351,-386.2
PRECT,emulator,2010-2019,%,0.103,1.811,-3.202,-1.39,1.494,0.37,1448.3
PRECT,emulator,2020-2029,%,0.375,2.155,-3.264,-1.11,1.485,0.389,395.8
PRECT,emulator,2030-2039,%,1.076,2.65,-3.297,-0.647,1.723,0.358,160.2
PRECT,emulator,2040-2049,%,1.66,3.112,-3.363,-0.25,1.91,0.405,115.1
