scenario,year,cumulative_GtCO2,annual_GtCO2,scaled_to_published
cmip7_vl,1850,0.048062,,0
cmip7_vl,1851,0.0959577,0.0478958,0
cmip7_vl,1852,0.145712,0.0497541,0
cmip7_vl,1853,0.19763,0.0519177,0
cmip7_vl,1854,0.258485,0.0608553,0
cmip7_vl,1855,0.319515,0.0610299,0
cmip7_vl,1856,0.385016,0.0655014,0
cmip7_vl,1857,0.451335,0.0663193,0
cmip7_vl,1858,0.51879,0.0674547,0
cmip7_vl,1859,0.591211,0.0724206,0
cmip7_vl,1860,0.67127,0.0800588,0
cmip7_vl,1861,0.755557,0.0842871,0
cmip7_vl,1862,0.841504,0.085947,0
cmip7_vl,1863,0.933167,0.0916635,0
cmip7_vl,1864,1.03197,0.0988063,0
cmip7_vl,1865,1.13722,0.105246,0
cmip7_vl,1866,1.24629,0.10907,0
cmip7_vl,1867,1.36251,0.11622,0
cmip7_vl,1868,1.48167,0.119165,0
cmip7_vl,1869,1.60825,0.126577,0
cmip7_vl,1870,1.73785,0.129596,0
cmip7_vl,1871,1.8764,0.138558,0
cmip7_vl,1872,2.02969,0.153287,0
cmip7_vl,1873,2.19267,0.162975,0
cmip7_vl,1874,2.35163,0.158962,0
cmip7_vl,1875,2.51966,0.168027,0
cmip7_vl,1876,2.69021,0.170556,0
cmip7_vl,1877,2.86457,0.174362,0
cmip7_vl,1878,3.04034,0.175766,0
cmip7_vl,1879,3.22724,0.186902,0
cmip7_vl,1880,3.43712,0.209875,0
cmip7_vl,1881,3.65371,0.216592,0
cmip7_vl,1882,3.88102,0.227305,0
cmip7_vl,1883,4.1218,0.240781,0
cmip7_vl,1884,4.36463,0.242831,0
cmip7_vl,1885,4.60938,0.244754,0
cmip7_vl,1886,4.85827,0.248892,0
cmip7_vl,1887,5.11942,0.26115,0
cmip7_vl,1888,5.40607,0.286646,0
cmip7_vl,1889,5.6939,0.28783,0
cmip7_vl,1890,6.00441,0.310508,0
cmip7_vl,1891,6.3285,0.324091,0
cmip7_vl,1892,6.65484,0.326341,0
cmip7_vl,1893,6.97543,0.320591,0
cmip7_vl,1894,7.31032,0.334886,0
cmip7_vl,1895,7.66335,0.353034,0
cmip7_vl,1896,8.02767,0.364319,0
cmip7_vl,1897,8.40785,0.380181,0
cmip7_vl,1898,8.80638,0.398523,0
cmip7_vl,1899,9.23929,0.432913,0
cmip7_vl,1900,9.69351,0.454224,0
cmip7_vl,1901,10.1611,0.467631,0
cmip7_vl,1902,10.6413,0.480195,0
cmip7_vl,1903,11.1602,0.518893,0
cmip7_vl,1904,11.6851,0.524876,0
cmip7_vl,1905,12.2407,0.555615,0
cmip7_vl,1906,12.8312,0.590488,0
cmip7_vl,1907,13.4842,0.652969,0
cmip7_vl,1908,14.1159,0.631716,0
cmip7_vl,1909,14.7723,0.656377,0
cmip7_vl,1910,15.4591,0.686797,0
cmip7_vl,1911,16.161,0.701923,0
cmip7_vl,1912,16.8932,0.732167,0
cmip7_vl,1913,17.6817,0.788568,0
cmip7_vl,1914,18.4014,0.719639,0
cmip7_vl,1915,19.1147,0.713303,0
cmip7_vl,1916,19.8803,0.765629,0
cmip7_vl,1917,20.6716,0.79133,0
cmip7_vl,1918,21.4485,0.77683,0
cmip7_vl,1919,22.1308,0.682387,0
cmip7_vl,1920,22.9114,0.780518,0
cmip7_vl,1921,23.5904,0.679061,0
cmip7_vl,1922,24.316,0.725583,0
cmip7_vl,1923,25.1081,0.792066,0
cmip7_vl,1924,25.9101,0.801985,0
cmip7_vl,1925,26.7252,0.815144,0
cmip7_vl,1926,27.5316,0.806376,0
cmip7_vl,1927,28.4122,0.880577,0
cmip7_vl,1928,29.2927,0.880564,0
cmip7_vl,1929,30.2397,0.946962,0
cmip7_vl,1930,31.1128,0.873163,0
cmip7_vl,1931,31.9019,0.789086,0
cmip7_vl,1932,32.616,0.714111,0
cmip7_vl,1933,33.3633,0.747219,0
cmip7_vl,1934,34.1712,0.807924,0
cmip7_vl,1935,35.0178,0.846635,0
cmip7_vl,1936,35.9423,0.924477,0
cmip7_vl,1937,36.9272,0.984909,0
cmip7_vl,1938,37.8539,0.926678,0
cmip7_vl,1939,38.8299,0.976043,0
cmip7_vl,1940,39.9018,1.07186,0
cmip7_vl,1941,41.0018,1.09998,0
cmip7_vl,1942,42.1064,1.10463,0
cmip7_vl,1943,43.2483,1.14194,0
cmip7_vl,1944,44.3799,1.13152,0
cmip7_vl,1945,45.3396,0.959736,0
cmip7_vl,1946,46.3546,1.015,0
cmip7_vl,1947,47.4772,1.12256,0
cmip7_vl,1948,48.6647,1.18758,0
cmip7_vl,1949,49.8343,1.16955,0
cmip7_vl,1950,51.1074,1.27309,0
cmip7_vl,1951,52.476,1.36863,0
cmip7_vl,1952,53.874,1.39803,0
cmip7_vl,1953,55.3068,1.43274,0
cmip7_vl,1954,56.7815,1.47477,0
cmip7_vl,1955,58.3877,1.60614,0
cmip7_vl,1956,60.0955,1.70781,0
cmip7_vl,1957,61.8588,1.76329,0
cmip7_vl,1958,63.6896,1.83083,0
cmip7_vl,1959,65.6077,1.91811,0
cmip7_vl,1960,67.6551,2.04734,0
cmip7_vl,1961,69.7164,2.06139,0
cmip7_vl,1962,71.8557,2.13926,0
cmip7_vl,1963,74.1156,2.25991,0
cmip7_vl,1964,76.4976,2.38196,0
cmip7_vl,1965,78.9888,2.49126,0
cmip7_vl,1966,81.596,2.60715,0
cmip7_vl,1967,84.2947,2.69868,0
cmip7_vl,1968,87.1552,2.86056,0
cmip7_vl,1969,90.1756,3.02034,0
cmip7_vl,1970,93.4278,3.25223,0
cmip7_vl,1971,96.7652,3.33742,0
cmip7_vl,1972,100.214,3.44866,0
cmip7_vl,1973,103.844,3.63002,0
cmip7_vl,1974,107.443,3.59924,0
cmip7_vl,1975,111.048,3.60486,0
cmip7_vl,1976,114.835,3.78716,0
cmip7_vl,1977,118.74,3.90472,0
cmip7_vl,1978,122.756,4.01637,0
cmip7_vl,1979,126.884,4.12808,0
cmip7_vl,1980,130.981,4.09623,0
cmip7_vl,1981,135.022,4.04163,0
cmip7_vl,1982,139.051,4.02903,0
cmip7_vl,1983,143.114,4.06257,0
cmip7_vl,1984,147.303,4.18907,0
cmip7_vl,1985,151.538,4.23497,0
cmip7_vl,1986,155.842,4.30371,0
cmip7_vl,1987,160.284,4.44297,0
cmip7_vl,1988,164.855,4.57063,0
cmip7_vl,1989,169.506,4.65114,0
cmip7_vl,1990,174.287,4.78031,0
cmip7_vl,1991,179.099,4.81276,0
cmip7_vl,1992,183.903,4.80414,0
cmip7_vl,1993,188.741,4.83742,0
cmip7_vl,1994,193.615,4.87374,0
cmip7_vl,1995,198.623,5.00845,0
cmip7_vl,1996,203.757,5.13357,0
cmip7_vl,1997,208.964,5.20754,0
cmip7_vl,1998,214.17,5.20589,0
cmip7_vl,1999,219.416,5.24554,0
cmip7_vl,2000,224.804,5.38831,0
cmip7_vl,2001,230.226,5.42242,0
cmip7_vl,2002,235.746,5.51952,0
cmip7_vl,2003,241.531,5.78534,0
cmip7_vl,2004,247.623,6.09214,0
cmip7_vl,2005,253.922,6.29848,0
cmip7_vl,2006,260.435,6.51303,0
cmip7_vl,2007,267.201,6.7666,0
cmip7_vl,2008,274.017,6.81536,0
cmip7_vl,2009,280.679,6.66248,0
cmip7_vl,2010,287.745,7.06527,0
cmip7_vl,2011,294.995,7.25009,0
cmip7_vl,2012,302.373,7.37846,0
cmip7_vl,2013,309.884,7.51081,0
cmip7_vl,2014,317.381,7.49758,0
cmip7_vl,2015,324.883,7.50148,0
cmip7_vl,2016,332.392,7.50935,0
cmip7_vl,2017,340.018,7.62602,0
cmip7_vl,2018,347.78,7.76193,0
cmip7_vl,2019,355.57,7.7897,0
cmip7_vl,2020,363.018,7.44805,0
cmip7_vl,2021,370.906,7.88756,0
cmip7_vl,2022,378.848,7.94255,0
cmip7_vl,2023,386.928,8.07989,0
cmip7_vl,2024,395.075,8.14723,0
cmip7_vl,2025,403.291,8.21538,0
cmip7_vl,2026,411.342,8.05096,0
cmip7_vl,2027,419.228,7.88654,0
cmip7_vl,2028,426.95,7.72212,0
cmip7_vl,2029,434.508,7.55769,0
cmip7_vl,2030,441.901,7.39327,0
cmip7_vl,2031,448.759,6.85751,0
cmip7_vl,2032,455.08,6.32174,0
cmip7_vl,2033,460.866,5.78598,0
cmip7_vl,2034,466.117,5.25021,0
cmip7_vl,2035,470.831,4.71445,0
cmip7_vl,2036,475.114,4.2832,0
cmip7_vl,2037,478.966,3.85196,0
cmip7_vl,2038,482.387,3.42072,0
cmip7_vl,2039,485.376,2.98948,0
cmip7_vl,2040,487.935,2.55823,0
cmip7_vl,2041,490.211,2.27601,0
cmip7_vl,2042,492.204,1.99378,0
cmip7_vl,2043,493.916,1.71155,0
cmip7_vl,2044,495.345,1.42932,0
cmip7_vl,2045,496.492,1.14709,0
cmip7_vl,2046,497.493,1.0007,0
cmip7_vl,2047,498.347,0.854303,0
cmip7_vl,2048,499.055,0.707909,0
cmip7_vl,2049,499.617,0.561514,0
cmip7_vl,2050,500.032,0.415119,0
cmip7_vl,2051,500.391,0.359127,0
cmip7_vl,2052,500.694,0.303135,0
cmip7_vl,2053,500.941,0.247143,0
cmip7_vl,2054,501.133,0.191151,0
cmip7_vl,2055,501.268,0.135159,0
cmip7_vl,2056,501.36,0.091916,0
cmip7_vl,2057,501.408,0.0486735,0
cmip7_vl,2058,501.414,0.0054309,0
cmip7_vl,2059,501.376,-0.0378117,0
cmip7_vl,2060,501.295,-0.0810542,0
cmip7_vl,2061,501.205,-0.0896775,0
cmip7_vl,2062,501.107,-0.0983008,0
cmip7_vl,2063,501,-0.106924,0
cmip7_vl,2064,500.884,-0.115547,0
cmip7_vl,2065,500.76,-0.124171,0
cmip7_vl,2066,500.627,-0.132788,0
cmip7_vl,2067,500.486,-0.141406,0
cmip7_vl,2068,500.336,-0.150023,0
cmip7_vl,2069,500.177,-0.15864,0
cmip7_vl,2070,500.01,-0.167258,0
cmip7_vl,2071,499.838,-0.172177,0
cmip7_vl,2072,499.661,-0.177096,0
cmip7_vl,2073,499.479,-0.182016,0
cmip7_vl,2074,499.292,-0.186935,0
cmip7_vl,2075,499.1,-0.191854,0
cmip7_vl,2076,498.903,-0.196701,0
cmip7_vl,2077,498.702,-0.201548,0
cmip7_vl,2078,498.495,-0.206395,0
cmip7_vl,2079,498.284,-0.211242,0
cmip7_vl,2080,498.068,-0.216089,0
cmip7_vl,2081,497.854,-0.214017,0
cmip7_vl,2082,497.642,-0.211946,0
cmip7_vl,2083,497.432,-0.209874,0
cmip7_vl,2084,497.224,-0.207803,0
cmip7_vl,2085,497.019,-0.205731,0
cmip7_vl,2086,496.815,-0.203605,0
cmip7_vl,2087,496.614,-0.20148,0
cmip7_vl,2088,496.414,-0.199354,0
cmip7_vl,2089,496.217,-0.197228,0
cmip7_vl,2090,496.022,-0.195102,0
cmip7_vl,2091,495.825,-0.196537,0
cmip7_vl,2092,495.627,-0.197971,0
cmip7_vl,2093,495.428,-0.199406,0
cmip7_vl,2094,495.227,-0.20084,0
cmip7_vl,2095,495.025,-0.202275,0
cmip7_vl,2096,494.821,-0.203689,0
cmip7_vl,2097,494.616,-0.205103,0
cmip7_vl,2098,494.41,-0.206517,0
cmip7_vl,2099,494.202,-0.207932,0
cmip7_vl,2100,493.992,-0.209346,0
cmip7_h,1850,0.048062,,0
cmip7_h,1851,0.0959577,0.0478958,0
cmip7_h,1852,0.145712,0.0497541,0
cmip7_h,1853,0.19763,0.0519177,0
cmip7_h,1854,0.258485,0.0608553,0
cmip7_h,1855,0.319515,0.0610299,0
cmip7_h,1856,0.385016,0.0655014,0
cmip7_h,1857,0.451335,0.0663193,0
cmip7_h,1858,0.51879,0.0674547,0
cmip7_h,1859,0.591211,0.0724206,0
cmip7_h,1860,0.67127,0.0800588,0
cmip7_h,1861,0.755557,0.0842871,0
cmip7_h,1862,0.841504,0.085947,0
cmip7_h,1863,0.933167,0.0916635,0
cmip7_h,1864,1.03197,0.0988063,0
cmip7_h,1865,1.13722,0.105246,0
cmip7_h,1866,1.24629,0.10907,0
cmip7_h,1867,1.36251,0.11622,0
cmip7_h,1868,1.48167,0.119165,0
cmip7_h,1869,1.60825,0.126577,0
cmip7_h,1870,1.73785,0.129596,0
cmip7_h,1871,1.8764,0.138558,0
cmip7_h,1872,2.02969,0.153287,0
cmip7_h,1873,2.19267,0.162975,0
cmip7_h,1874,2.35163,0.158962,0
cmip7_h,1875,2.51966,0.168027,0
cmip7_h,1876,2.69021,0.170556,0
cmip7_h,1877,2.86457,0.174362,0
cmip7_h,1878,3.04034,0.175766,0
cmip7_h,1879,3.22724,0.186902,0
cmip7_h,1880,3.43712,0.209875,0
cmip7_h,1881,3.65371,0.216592,0
cmip7_h,1882,3.88102,0.227305,0
cmip7_h,1883,4.1218,0.240781,0
cmip7_h,1884,4.36463,0.242831,0
cmip7_h,1885,4.60938,0.244754,0
cmip7_h,1886,4.85827,0.248892,0
cmip7_h,1887,5.11942,0.26115,0
cmip7_h,1888,5.40607,0.286646,0
cmip7_h,1889,5.6939,0.28783,0
cmip7_h,1890,6.00441,0.310508,0
cmip7_h,1891,6.3285,0.324091,0
cmip7_h,1892,6.65484,0.326341,0
cmip7_h,1893,6.97543,0.320591,0
cmip7_h,1894,7.31032,0.334886,0
cmip7_h,1895,7.66335,0.353034,0
cmip7_h,1896,8.02767,0.364319,0
cmip7_h,1897,8.40785,0.380181,0
cmip7_h,1898,8.80638,0.398523,0
cmip7_h,1899,9.23929,0.432913,0
cmip7_h,1900,9.69351,0.454224,0
cmip7_h,1901,10.1611,0.467631,0
cmip7_h,1902,10.6413,0.480195,0
cmip7_h,1903,11.1602,0.518893,0
cmip7_h,1904,11.6851,0.524876,0
cmip7_h,1905,12.2407,0.555615,0
cmip7_h,1906,12.8312,0.590488,0
cmip7_h,1907,13.4842,0.652969,0
cmip7_h,1908,14.1159,0.631716,0
cmip7_h,1909,14.7723,0.656377,0
cmip7_h,1910,15.4591,0.686797,0
cmip7_h,1911,16.161,0.701923,0
cmip7_h,1912,16.8932,0.732167,0
cmip7_h,1913,17.6817,0.788568,0
cmip7_h,1914,18.4014,0.719639,0
cmip7_h,1915,19.1147,0.713303,0
cmip7_h,1916,19.8803,0.765629,0
cmip7_h,1917,20.6716,0.79133,0
cmip7_h,1918,21.4485,0.77683,0
cmip7_h,1919,22.1308,0.682387,0
cmip7_h,1920,22.9114,0.780518,0
cmip7_h,1921,23.5904,0.679061,0
cmip7_h,1922,24.316,0.725583,0
cmip7_h,1923,25.1081,0.792066,0
cmip7_h,1924,25.9101,0.801985,0
cmip7_h,1925,26.7252,0.815144,0
cmip7_h,1926,27.5316,0.806376,0
cmip7_h,1927,28.4122,0.880577,0
cmip7_h,1928,29.2927,0.880564,0
cmip7_h,1929,30.2397,0.946962,0
cmip7_h,1930,31.1128,0.873163,0
cmip7_h,1931,31.9019,0.789086,0
cmip7_h,1932,32.616,0.714111,0
cmip7_h,1933,33.3633,0.747219,0
cmip7_h,1934,34.1712,0.807924,0
cmip7_h,1935,35.0178,0.846635,0
cmip7_h,1936,35.9423,0.924477,0
cmip7_h,1937,36.9272,0.984909,0
cmip7_h,1938,37.8539,0.926678,0
cmip7_h,1939,38.8299,0.976043,0
cmip7_h,1940,39.9018,1.07186,0
cmip7_h,1941,41.0018,1.09998,0
cmip7_h,1942,42.1064,1.10463,0
cmip7_h,1943,43.2483,1.14194,0
cmip7_h,1944,44.3799,1.13152,0
cmip7_h,1945,45.3396,0.959736,0
cmip7_h,1946,46.3546,1.015,0
cmip7_h,1947,47.4772,1.12256,0
cmip7_h,1948,48.6647,1.18758,0
cmip7_h,1949,49.8343,1.16955,0
cmip7_h,1950,51.1074,1.27309,0
cmip7_h,1951,52.476,1.36863,0
cmip7_h,1952,53.874,1.39803,0
cmip7_h,1953,55.3068,1.43274,0
cmip7_h,1954,56.7815,1.47477,0
cmip7_h,1955,58.3877,1.60614,0
cmip7_h,1956,60.0955,1.70781,0
cmip7_h,1957,61.8588,1.76329,0
cmip7_h,1958,63.6896,1.83083,0
cmip7_h,1959,65.6077,1.91811,0
cmip7_h,1960,67.6551,2.04734,0
cmip7_h,1961,69.7164,2.06139,0
cmip7_h,1962,71.8557,2.13926,0
cmip7_h,1963,74.1156,2.25991,0
cmip7_h,1964,76.4976,2.38196,0
cmip7_h,1965,78.9888,2.49126,0
cmip7_h,1966,81.596,2.60715,0
cmip7_h,1967,84.2947,2.69868,0
cmip7_h,1968,87.1552,2.86056,0
cmip7_h,1969,90.1756,3.02034,0
cmip7_h,1970,93.4278,3.25223,0
cmip7_h,1971,96.7652,3.33742,0
cmip7_h,1972,100.214,3.44866,0
cmip7_h,1973,103.844,3.63002,0
cmip7_h,1974,107.443,3.59924,0
cmip7_h,1975,111.048,3.60486,0
cmip7_h,1976,114.835,3.78716,0
cmip7_h,1977,118.74,3.90472,0
cmip7_h,1978,122.756,4.01637,0
cmip7_h,1979,126.884,4.12808,0
cmip7_h,1980,130.981,4.09623,0
cmip7_h,1981,135.022,4.04163,0
cmip7_h,1982,139.051,4.02903,0
cmip7_h,1983,143.114,4.06257,0
cmip7_h,1984,147.303,4.18907,0
cmip7_h,1985,151.538,4.23497,0
cmip7_h,1986,155.842,4.30371,0
cmip7_h,1987,160.284,4.44297,0
cmip7_h,1988,164.855,4.57063,0
cmip7_h,1989,169.506,4.65114,0
cmip7_h,1990,174.287,4.78031,0
cmip7_h,1991,179.099,4.81276,0
cmip7_h,1992,183.903,4.80414,0
cmip7_h,1993,188.741,4.83742,0
cmip7_h,1994,193.615,4.87374,0
cmip7_h,1995,198.623,5.00845,0
cmip7_h,1996,203.757,5.13357,0
cmip7_h,1997,208.964,5.20754,0
cmip7_h,1998,214.17,5.20589,0
cmip7_h,1999,219.416,5.24554,0
cmip7_h,2000,224.804,5.38831,0
cmip7_h,2001,230.226,5.42242,0
cmip7_h,2002,235.746,5.51952,0
cmip7_h,2003,241.531,5.78534,0
cmip7_h,2004,247.623,6.09214,0
cmip7_h,2005,253.922,6.29848,0
cmip7_h,2006,260.435,6.51303,0
cmip7_h,2007,267.201,6.7666,0
cmip7_h,2008,274.017,6.81536,0
cmip7_h,2009,280.679,6.66248,0
cmip7_h,2010,287.745,7.06527,0
cmip7_h,2011,294.995,7.25009,0
cmip7_h,2012,302.373,7.37846,0
cmip7_h,2013,309.884,7.51081,0
cmip7_h,2014,317.381,7.49758,0
cmip7_h,2015,324.883,7.50148,0
cmip7_h,2016,332.392,7.50935,0
cmip7_h,2017,340.018,7.62602,0
cmip7_h,2018,347.78,7.76193,0
cmip7_h,2019,355.57,7.7897,0
cmip7_h,2020,363.018,7.44805,0
cmip7_h,2021,370.906,7.88756,0
cmip7_h,2022,378.848,7.94255,0
cmip7_h,2023,386.928,8.07989,0
cmip7_h,2024,395.045,8.11735,0
cmip7_h,2025,403.2,8.15449,0
cmip7_h,2026,411.441,8.24081,0
cmip7_h,2027,419.768,8.32714,0
cmip7_h,2028,428.181,8.41346,0
cmip7_h,2029,436.681,8.49979,0
cmip7_h,2030,445.267,8.58611,0
cmip7_h,2031,453.904,8.63648,0
cmip7_h,2032,462.591,8.68684,0
cmip7_h,2033,471.328,8.7372,0
cmip7_h,2034,480.115,8.78756,0
cmip7_h,2035,488.953,8.83793,0
cmip7_h,2036,497.814,8.86085,0
cmip7_h,2037,506.698,8.88377,0
cmip7_h,2038,515.605,8.90669,0
cmip7_h,2039,524.534,8.92962,0
cmip7_h,2040,533.487,8.95254,0
cmip7_h,2041,542.446,8.95977,0
cmip7_h,2042,551.413,8.96701,0
cmip7_h,2043,560.388,8.97424,0
cmip7_h,2044,569.369,8.98147,0
cmip7_h,2045,578.358,8.9887,0
cmip7_h,2046,587.335,8.97704,0
cmip7_h,2047,596.3,8.96538,0
cmip7_h,2048,605.254,8.95372,0
cmip7_h,2049,614.196,8.94206,0
cmip7_h,2050,623.126,8.93041,0
cmip7_h,2051,632.14,9.01305,0
cmip7_h,2052,641.235,9.0957,0
cmip7_h,2053,650.414,9.17834,0
cmip7_h,2054,659.675,9.26099,0
cmip7_h,2055,669.018,9.34364,0
cmip7_h,2056,678.43,9.41172,0
cmip7_h,2057,687.91,9.47981,0
cmip7_h,2058,697.458,9.54789,0
cmip7_h,2059,707.074,9.61598,0
cmip7_h,2060,716.758,9.68407,0
cmip7_h,2061,726.473,9.71552,0
cmip7_h,2062,736.22,9.74698,0
cmip7_h,2063,745.999,9.77844,0
cmip7_h,2064,755.809,9.8099,0
cmip7_h,2065,765.65,9.84135,0
cmip7_h,2066,775.521,9.87153,0
cmip7_h,2067,785.423,9.9017,0
cmip7_h,2068,795.355,9.93187,0
cmip7_h,2069,805.317,9.96204,0
cmip7_h,2070,815.309,9.99222,0
cmip7_h,2071,825.339,10.0294,0
cmip7_h,2072,835.405,10.0665,0
cmip7_h,2073,845.509,10.1036,0
cmip7_h,2074,855.649,10.1408,0
cmip7_h,2075,865.827,10.1779,0
cmip7_h,2076,876.042,10.2147,0
cmip7_h,2077,886.293,10.2514,0
cmip7_h,2078,896.582,10.2882,0
cmip7_h,2079,906.907,10.325,0
cmip7_h,2080,917.268,10.3617,0
cmip7_h,2081,927.664,10.3957,0
cmip7_h,2082,938.094,10.4298,0
cmip7_h,2083,948.558,10.4638,0
cmip7_h,2084,959.055,10.4978,0
cmip7_h,2085,969.587,10.5318,0
cmip7_h,2086,980.159,10.5714,0
cmip7_h,2087,990.77,10.611,0
cmip7_h,2088,1001.42,10.6506,0
cmip7_h,2089,1012.11,10.6902,0
cmip7_h,2090,1022.84,10.7298,0
cmip7_h,2091,1033.61,10.7717,0
cmip7_h,2092,1044.43,10.8137,0
cmip7_h,2093,1055.28,10.8557,0
cmip7_h,2094,1066.18,10.8976,0
cmip7_h,2095,1077.12,10.9396,0
cmip7_h,2096,1088.1,10.9804,0
cmip7_h,2097,1099.12,11.0213,0
cmip7_h,2098,1110.18,11.0621,0
cmip7_h,2099,1121.29,11.1029,0
cmip7_h,2100,1132.43,11.1437,0
ssp370,1850,0.0407431,,0
ssp370,1851,0.0818399,0.0410968,0
ssp370,1852,0.125012,0.0431716,0
ssp370,1853,0.170481,0.0454699,0
ssp370,1854,0.223878,0.0533969,0
ssp370,1855,0.277903,0.0540248,0
ssp370,1856,0.335272,0.0573688,0
ssp370,1857,0.392988,0.0577157,0
ssp370,1858,0.451385,0.058397,0
ssp370,1859,0.51377,0.0623859,0
ssp370,1860,0.582173,0.0684029,0
ssp370,1861,0.653736,0.0715626,0
ssp370,1862,0.727331,0.0735953,0
ssp370,1863,0.805774,0.0784425,0
ssp370,1864,0.889914,0.08414,0
ssp370,1865,0.979162,0.0892481,0
ssp370,1866,1.07115,0.0919875,0
ssp370,1867,1.16949,0.0983427,0
ssp370,1868,1.27083,0.101335,0
ssp370,1869,1.37874,0.10791,0
ssp370,1870,1.48937,0.110633,0
ssp370,1871,1.60818,0.118805,0
ssp370,1872,1.74063,0.13245,0
ssp370,1873,1.88165,0.141021,0
ssp370,1874,2.01834,0.136696,0
ssp370,1875,2.16316,0.14482,0
ssp370,1876,2.31048,0.147313,0
ssp370,1877,2.46106,0.150586,0
ssp370,1878,2.61351,0.152446,0
ssp370,1879,2.77656,0.163047,0
ssp370,1880,2.96191,0.185357,0
ssp370,1881,3.15298,0.191065,0
ssp370,1882,3.35489,0.201909,0
ssp370,1883,3.56916,0.214277,0
ssp370,1884,3.78531,0.21615,0
ssp370,1885,4.00288,0.217569,0
ssp370,1886,4.22408,0.221193,0
ssp370,1887,4.45721,0.233129,0
ssp370,1888,4.71526,0.258051,0
ssp370,1889,4.97373,0.258469,0
ssp370,1890,5.25432,0.280589,0
ssp370,1891,5.547,0.292682,0
ssp370,1892,5.84183,0.294832,0
ssp370,1893,6.13365,0.291821,0
ssp370,1894,6.43619,0.302535,0
ssp370,1895,6.75631,0.320127,0
ssp370,1896,7.08757,0.331262,0
ssp370,1897,7.4339,0.346325,0
ssp370,1898,7.79835,0.364451,0
ssp370,1899,8.19554,0.39719,0
ssp370,1900,8.61334,0.417805,0
ssp370,1901,9.04424,0.430897,0
ssp370,1902,9.48716,0.442917,0
ssp370,1903,9.96888,0.481721,0
ssp370,1904,10.4553,0.486372,0
ssp370,1905,10.9729,0.517679,0
ssp370,1906,11.5268,0.553912,0
ssp370,1907,12.1411,0.6143,0
ssp370,1908,12.7224,0.581272,0
ssp370,1909,13.3377,0.615252,0
ssp370,1910,13.9846,0.646928,0
ssp370,1911,14.6435,0.658865,0
ssp370,1912,15.3368,0.693348,0
ssp370,1913,16.0792,0.742355,0
ssp370,1914,16.7451,0.665914,0
ssp370,1915,17.4076,0.662551,0
ssp370,1916,18.127,0.719372,0
ssp370,1917,18.8721,0.745122,0
ssp370,1918,19.6049,0.732748,0
ssp370,1919,20.2372,0.632287,0
ssp370,1920,20.9685,0.731346,0
ssp370,1921,21.6006,0.632056,0
ssp370,1922,22.2753,0.674768,0
ssp370,1923,23.0325,0.757154,0
ssp370,1924,23.7983,0.765848,0
ssp370,1925,24.5807,0.782337,0
ssp370,1926,25.3695,0.788796,0
ssp370,1927,26.2204,0.850948,0
ssp370,1928,27.0723,0.851913,0
ssp370,1929,27.9904,0.918079,0
ssp370,1930,28.8329,0.842494,0
ssp370,1931,29.5887,0.755829,0
ssp370,1932,30.2687,0.679989,0
ssp370,1933,30.9874,0.718661,0
ssp370,1934,31.7697,0.78229,0
ssp370,1935,32.5937,0.824024,0
ssp370,1936,33.5003,0.906645,0
ssp370,1937,34.4702,0.969866,0
ssp370,1938,35.3784,0.90824,0
ssp370,1939,36.3416,0.963177,0
ssp370,1940,37.4036,1.06198,0
ssp370,1941,38.4969,1.09331,0
ssp370,1942,39.5933,1.09643,0
ssp370,1943,40.7286,1.13525,0
ssp370,1944,41.8507,1.12215,0
ssp370,1945,42.8028,0.952065,0
ssp370,1946,43.8063,1.0035,0
ssp370,1947,44.922,1.1157,0
ssp370,1948,46.1039,1.18187,0
ssp370,1949,47.2641,1.16017,0
ssp370,1950,48.5297,1.26562,0
ssp370,1951,49.8944,1.36469,0
ssp370,1952,51.2889,1.39452,0
ssp370,1953,52.7225,1.43362,0
ssp370,1954,54.1938,1.47127,0
ssp370,1955,55.8034,1.60966,0
ssp370,1956,57.5158,1.7124,0
ssp370,1957,59.2845,1.76865,0
ssp370,1958,61.1107,1.82624,0
ssp370,1959,63.0256,1.91482,0
ssp370,1960,65.0758,2.05029,0
ssp370,1961,67.1416,2.06572,0
ssp370,1962,69.2857,2.14411,0
ssp370,1963,71.5501,2.26447,0
ssp370,1964,73.939,2.38883,0
ssp370,1965,76.4342,2.49521,0
ssp370,1966,79.0389,2.60468,0
ssp370,1967,81.7267,2.68783,0
ssp370,1968,84.5693,2.84257,0
ssp370,1969,87.5662,2.99697,0
ssp370,1970,90.7764,3.21017,0
ssp370,1971,94.0591,3.2827,0
ssp370,1972,97.4825,3.42342,0
ssp370,1973,101.113,3.63008,0
ssp370,1974,104.71,3.5978,0
ssp370,1975,108.287,3.57655,0
ssp370,1976,112.052,3.76464,0
ssp370,1977,115.922,3.87005,0
ssp370,1978,120.056,4.13388,0
ssp370,1979,124.298,4.24244,0
ssp370,1980,128.493,4.1947,0
ssp370,1981,132.609,4.11676,0
ssp370,1982,136.702,4.09226,0
ssp370,1983,140.817,4.1158,0
ssp370,1984,145.062,4.24481,0
ssp370,1985,149.348,4.28605,0
ssp370,1986,153.701,4.35225,0
ssp370,1987,158.201,4.50083,0
ssp370,1988,162.841,4.63957,0
ssp370,1989,167.565,4.72414,0
ssp370,1990,172.151,4.58632,0
ssp370,1991,176.766,4.61409,0
ssp370,1992,181.348,4.58227,0
ssp370,1993,185.957,4.60966,0
ssp370,1994,190.605,4.6473,0
ssp370,1995,195.382,4.7775,0
ssp370,1996,200.253,4.87025,0
ssp370,1997,205.199,4.94671,0
ssp370,1998,210.19,4.99078,0
ssp370,1999,215.22,5.02952,0
ssp370,2000,220.375,5.15553,0
ssp370,2001,225.567,5.19206,0
ssp370,2002,230.867,5.29985,0
ssp370,2003,236.433,5.56603,0
ssp370,2004,242.284,5.85077,0
ssp370,2005,248.364,6.08008,0
ssp370,2006,254.646,6.28218,0
ssp370,2007,261.16,6.51366,0
ssp370,2008,267.721,6.56129,0
ssp370,2009,274.155,6.43369,0
ssp370,2010,280.965,6.81081,0
ssp370,2011,287.963,6.99704,0
ssp370,2012,295.083,7.12071,0
ssp370,2013,302.342,7.25854,0
ssp370,2014,309.592,7.25023,0
ssp370,2015,324.637,15.0451,0
ssp370,2016,339.92,15.2833,0
ssp370,2017,355.442,15.5216,0
ssp370,2018,371.202,15.7598,0
ssp370,2019,387.2,15.9981,0
ssp370,2020,403.436,16.2363,0
ssp370,2021,419.861,16.4251,0
ssp370,2022,436.475,16.6138,0
ssp370,2023,453.278,16.8026,0
ssp370,2024,470.269,16.9914,0
ssp370,2025,487.449,17.1801,0
ssp370,2026,504.818,17.3689,0
ssp370,2027,522.376,17.5576,0
ssp370,2028,540.122,17.7464,0
ssp370,2029,558.057,17.9352,0
ssp370,2030,576.181,18.1239,0
ssp370,2031,594.439,18.2581,0
ssp370,2032,612.831,18.3922,0
ssp370,2033,631.358,18.5263,0
ssp370,2034,650.018,18.6605,0
ssp370,2035,668.813,18.7946,0
ssp370,2036,687.741,18.9287,0
ssp370,2037,706.804,19.0629,0
ssp370,2038,726.001,19.197,0
ssp370,2039,745.332,19.3311,0
ssp370,2040,764.798,19.4653,0
ssp370,2041,784.369,19.5717,0
ssp370,2042,804.048,19.6781,0
ssp370,2043,823.832,19.7846,0
ssp370,2044,843.723,19.891,0
ssp370,2045,863.721,19.9974,0
ssp370,2046,883.824,20.1038,0
ssp370,2047,904.035,20.2103,0
ssp370,2048,924.351,20.3167,0
ssp370,2049,944.774,20.4231,0
ssp370,2050,965.304,20.5296,0
ssp370,2051,985.912,20.6082,0
ssp370,2052,1006.6,20.6869,0
ssp370,2053,1027.36,20.7656,0
ssp370,2054,1048.21,20.8442,0
ssp370,2055,1069.13,20.9229,0
ssp370,2056,1090.13,21.0016,0
ssp370,2057,1111.21,21.0802,0
ssp370,2058,1132.37,21.1589,0
ssp370,2059,1153.61,21.2376,0
ssp370,2060,1174.93,21.3162,0
ssp370,2061,1196.32,21.3966,0
ssp370,2062,1217.8,21.477,0
ssp370,2063,1239.36,21.5574,0
ssp370,2064,1261,21.6379,0
ssp370,2065,1282.71,21.7183,0
ssp370,2066,1304.51,21.7987,0
ssp370,2067,1326.39,21.8791,0
ssp370,2068,1348.35,21.9595,0
ssp370,2069,1370.39,22.0399,0
ssp370,2070,1392.51,22.1203,0
ssp370,2071,1414.71,22.1972,0
ssp370,2072,1436.98,22.2741,0
ssp370,2073,1459.33,22.3511,0
ssp370,2074,1481.76,22.428,0
ssp370,2075,1504.27,22.5049,0
ssp370,2076,1526.85,22.5819,0
ssp370,2077,1549.51,22.6588,0
ssp370,2078,1572.24,22.7357,0
ssp370,2079,1595.06,22.8126,0
ssp370,2080,1617.94,22.8896,0
ssp370,2081,1640.94,22.9915,0
ssp370,2082,1664.03,23.0935,0
ssp370,2083,1687.23,23.1954,0
ssp370,2084,1710.52,23.2974,0
ssp370,2085,1733.92,23.3994,0
ssp370,2086,1757.42,23.5013,0
ssp370,2087,1781.03,23.6033,0
ssp370,2088,1804.73,23.7052,0
ssp370,2089,1828.54,23.8072,0
ssp370,2090,1852.45,23.9092,0
ssp370,2091,1876.46,24.0108,0
ssp370,2092,1900.57,24.1124,0
ssp370,2093,1924.79,24.214,0
ssp370,2094,1949.1,24.3156,0
ssp370,2095,1973.52,24.4173,0
ssp370,2096,1998.04,24.5189,0
ssp370,2097,2022.66,24.6205,0
ssp370,2098,2047.38,24.7221,0
ssp370,2099,2072.2,24.8238,0
ssp370,2100,2097.13,24.9254,0
ssp126,1850,0.0407431,,0
ssp126,1851,0.0818399,0.0410968,0
ssp126,1852,0.125012,0.0431716,0
ssp126,1853,0.170481,0.0454699,0
ssp126,1854,0.223878,0.0533969,0
ssp126,1855,0.277903,0.0540248,0
ssp126,1856,0.335272,0.0573688,0
ssp126,1857,0.392988,0.0577157,0
ssp126,1858,0.451385,0.058397,0
ssp126,1859,0.51377,0.0623859,0
ssp126,1860,0.582173,0.0684029,0
ssp126,1861,0.653736,0.0715626,0
ssp126,1862,0.727331,0.0735953,0
ssp126,1863,0.805774,0.0784425,0
ssp126,1864,0.889914,0.08414,0
ssp126,1865,0.979162,0.0892481,0
ssp126,1866,1.07115,0.0919875,0
ssp126,1867,1.16949,0.0983427,0
ssp126,1868,1.27083,0.101335,0
ssp126,1869,1.37874,0.10791,0
ssp126,1870,1.48937,0.110633,0
ssp126,1871,1.60818,0.118805,0
ssp126,1872,1.74063,0.13245,0
ssp126,1873,1.88165,0.141021,0
ssp126,1874,2.01834,0.136696,0
ssp126,1875,2.16316,0.14482,0
ssp126,1876,2.31048,0.147313,0
ssp126,1877,2.46106,0.150586,0
ssp126,1878,2.61351,0.152446,0
ssp126,1879,2.77656,0.163047,0
ssp126,1880,2.96191,0.185357,0
ssp126,1881,3.15298,0.191065,0
ssp126,1882,3.35489,0.201909,0
ssp126,1883,3.56916,0.214277,0
ssp126,1884,3.78531,0.21615,0
ssp126,1885,4.00288,0.217569,0
ssp126,1886,4.22408,0.221193,0
ssp126,1887,4.45721,0.233129,0
ssp126,1888,4.71526,0.258051,0
ssp126,1889,4.97373,0.258469,0
ssp126,1890,5.25432,0.280589,0
ssp126,1891,5.547,0.292682,0
ssp126,1892,5.84183,0.294832,0
ssp126,1893,6.13365,0.291821,0
ssp126,1894,6.43619,0.302535,0
ssp126,1895,6.75631,0.320127,0
ssp126,1896,7.08757,0.331262,0
ssp126,1897,7.4339,0.346325,0
ssp126,1898,7.79835,0.364451,0
ssp126,1899,8.19554,0.39719,0
ssp126,1900,8.61334,0.417805,0
ssp126,1901,9.04424,0.430897,0
ssp126,1902,9.48716,0.442917,0
ssp126,1903,9.96888,0.481721,0
ssp126,1904,10.4553,0.486372,0
ssp126,1905,10.9729,0.517679,0
ssp126,1906,11.5268,0.553912,0
ssp126,1907,12.1411,0.6143,0
ssp126,1908,12.7224,0.581272,0
ssp126,1909,13.3377,0.615252,0
ssp126,1910,13.9846,0.646928,0
ssp126,1911,14.6435,0.658865,0
ssp126,1912,15.3368,0.693348,0
ssp126,1913,16.0792,0.742355,0
ssp126,1914,16.7451,0.665914,0
ssp126,1915,17.4076,0.662551,0
ssp126,1916,18.127,0.719372,0
ssp126,1917,18.8721,0.745122,0
ssp126,1918,19.6049,0.732748,0
ssp126,1919,20.2372,0.632287,0
ssp126,1920,20.9685,0.731346,0
ssp126,1921,21.6006,0.632056,0
ssp126,1922,22.2753,0.674768,0
ssp126,1923,23.0325,0.757154,0
ssp126,1924,23.7983,0.765848,0
ssp126,1925,24.5807,0.782337,0
ssp126,1926,25.3695,0.788796,0
ssp126,1927,26.2204,0.850948,0
ssp126,1928,27.0723,0.851913,0
ssp126,1929,27.9904,0.918079,0
ssp126,1930,28.8329,0.842494,0
ssp126,1931,29.5887,0.755829,0
ssp126,1932,30.2687,0.679989,0
ssp126,1933,30.9874,0.718661,0
ssp126,1934,31.7697,0.78229,0
ssp126,1935,32.5937,0.824024,0
ssp126,1936,33.5003,0.906645,0
ssp126,1937,34.4702,0.969866,0
ssp126,1938,35.3784,0.90824,0
ssp126,1939,36.3416,0.963177,0
ssp126,1940,37.4036,1.06198,0
ssp126,1941,38.4969,1.09331,0
ssp126,1942,39.5933,1.09643,0
ssp126,1943,40.7286,1.13525,0
ssp126,1944,41.8507,1.12215,0
ssp126,1945,42.8028,0.952065,0
ssp126,1946,43.8063,1.0035,0
ssp126,1947,44.922,1.1157,0
ssp126,1948,46.1039,1.18187,0
ssp126,1949,47.2641,1.16017,0
ssp126,1950,48.5297,1.26562,0
ssp126,1951,49.8944,1.36469,0
ssp126,1952,51.2889,1.39452,0
ssp126,1953,52.7225,1.43362,0
ssp126,1954,54.1938,1.47127,0
ssp126,1955,55.8034,1.60966,0
ssp126,1956,57.5158,1.7124,0
ssp126,1957,59.2845,1.76865,0
ssp126,1958,61.1107,1.82624,0
ssp126,1959,63.0256,1.91482,0
ssp126,1960,65.0758,2.05029,0
ssp126,1961,67.1416,2.06572,0
ssp126,1962,69.2857,2.14411,0
ssp126,1963,71.5501,2.26447,0
ssp126,1964,73.939,2.38883,0
ssp126,1965,76.4342,2.49521,0
ssp126,1966,79.0389,2.60468,0
ssp126,1967,81.7267,2.68783,0
ssp126,1968,84.5693,2.84257,0
ssp126,1969,87.5662,2.99697,0
ssp126,1970,90.7764,3.21017,0
ssp126,1971,94.0591,3.2827,0
ssp126,1972,97.4825,3.42342,0
ssp126,1973,101.113,3.63008,0
ssp126,1974,104.71,3.5978,0
ssp126,1975,108.287,3.57655,0
ssp126,1976,112.052,3.76464,0
ssp126,1977,115.922,3.87005,0
ssp126,1978,120.056,4.13388,0
ssp126,1979,124.298,4.24244,0
ssp126,1980,128.493,4.1947,0
ssp126,1981,132.609,4.11676,0
ssp126,1982,136.702,4.09226,0
ssp126,1983,140.817,4.1158,0
ssp126,1984,145.062,4.24481,0
ssp126,1985,149.348,4.28605,0
ssp126,1986,153.701,4.35225,0
ssp126,1987,158.201,4.50083,0
ssp126,1988,162.841,4.63957,0
ssp126,1989,167.565,4.72414,0
ssp126,1990,172.151,4.58632,0
ssp126,1991,176.766,4.61409,0
ssp126,1992,181.348,4.58227,0
ssp126,1993,185.957,4.60966,0
ssp126,1994,190.605,4.6473,0
ssp126,1995,195.382,4.7775,0
ssp126,1996,200.253,4.87025,0
ssp126,1997,205.199,4.94671,0
ssp126,1998,210.19,4.99078,0
ssp126,1999,215.22,5.02952,0
ssp126,2000,220.375,5.15553,0
ssp126,2001,225.567,5.19206,0
ssp126,2002,230.867,5.29985,0
ssp126,2003,236.433,5.56603,0
ssp126,2004,242.284,5.85077,0
ssp126,2005,248.364,6.08008,0
ssp126,2006,254.646,6.28218,0
ssp126,2007,261.16,6.51366,0
ssp126,2008,267.721,6.56129,0
ssp126,2009,274.155,6.43369,0
ssp126,2010,280.965,6.81081,0
ssp126,2011,287.963,6.99704,0
ssp126,2012,295.083,7.12071,0
ssp126,2013,302.342,7.25854,0
ssp126,2014,309.592,7.25023,0
ssp126,2015,317.387,7.79482,0
ssp126,2016,325.234,7.84728,0
ssp126,2017,333.134,7.89975,0
ssp126,2018,341.086,7.95221,0
ssp126,2019,349.091,8.00468,0
ssp126,2020,357.148,8.05714,0
ssp126,2021,365.163,8.01505,0
ssp126,2022,373.136,7.97295,0
ssp126,2023,381.067,7.93085,0
ssp126,2024,388.955,7.88876,0
ssp126,2025,396.802,7.84666,0
ssp126,2026,404.607,7.80456,0
ssp126,2027,412.369,7.76247,0
ssp126,2028,420.09,7.72037,0
ssp126,2029,427.768,7.67827,0
ssp126,2030,435.404,7.63618,0
ssp126,2031,442.868,7.46441,0
ssp126,2032,450.161,7.29264,0
ssp126,2033,457.282,7.12087,0
ssp126,2034,464.231,6.94911,0
ssp126,2035,471.008,6.77734,0
ssp126,2036,477.614,6.60557,0
ssp126,2037,484.048,6.4338,0
ssp126,2038,490.31,6.26203,0
ssp126,2039,496.4,6.09027,0
ssp126,2040,502.319,5.9185,0
ssp126,2041,508.076,5.75746,0
ssp126,2042,513.672,5.59641,0
ssp126,2043,519.108,5.43537,0
ssp126,2044,524.382,5.27433,0
ssp126,2045,529.495,5.11329,0
ssp126,2046,534.448,4.95225,0
ssp126,2047,539.239,4.79121,0
ssp126,2048,543.869,4.63016,0
ssp126,2049,548.338,4.46912,0
ssp126,2050,552.646,4.30808,0
ssp126,2051,556.804,4.15765,0
ssp126,2052,560.811,4.00723,0
ssp126,2053,564.668,3.8568,0
ssp126,2054,568.374,3.70637,0
ssp126,2055,571.93,3.55595,0
ssp126,2056,575.336,3.40552,0
ssp126,2057,578.591,3.25509,0
ssp126,2058,581.695,3.10467,0
ssp126,2059,584.65,2.95424,0
ssp126,2060,587.454,2.80381,0
ssp126,2061,590.126,2.67209,0
ssp126,2062,592.666,2.54036,0
ssp126,2063,595.075,2.40864,0
ssp126,2064,597.352,2.27691,0
ssp126,2065,599.497,2.14519,0
ssp126,2066,601.51,2.01347,0
ssp126,2067,603.392,1.88174,0
ssp126,2068,605.142,1.75002,0
ssp126,2069,606.76,1.61829,0
ssp126,2070,608.247,1.48657,0
ssp126,2071,609.566,1.31881,0
ssp126,2072,610.717,1.15105,0
ssp126,2073,611.7,0.983294,0
ssp126,2074,612.516,0.815535,0
ssp126,2075,613.163,0.647777,0
ssp126,2076,613.643,0.480018,0
ssp126,2077,613.956,0.312259,0
ssp126,2078,614.1,0.1445,0
ssp126,2079,614.077,-0.0232583,0
ssp126,2080,613.886,-0.191017,0
ssp126,2081,613.579,-0.307,0
ssp126,2082,613.156,-0.422984,0
ssp126,2083,612.617,-0.538967,0
ssp126,2084,611.962,-0.65495,0
ssp126,2085,611.191,-0.770933,0
ssp126,2086,610.304,-0.886917,0
ssp126,2087,609.301,-1.0029,0
ssp126,2088,608.182,-1.11888,0
ssp126,2089,606.947,-1.23487,0
ssp126,2090,605.597,-1.35085,0
ssp126,2091,604.258,-1.33807,0
ssp126,2092,602.933,-1.3253,0
ssp126,2093,601.621,-1.31252,0
ssp126,2094,600.321,-1.29975,0
ssp126,2095,599.034,-1.28697,0
ssp126,2096,597.76,-1.2742,0
ssp126,2097,596.498,-1.26142,0
ssp126,2098,595.25,-1.24865,0
ssp126,2099,594.014,-1.23587,0
ssp126,2100,592.791,-1.2231,0
