scenario,year,GtCO2_per_yr
h,1850,0.19084720311641623
h,1851,0.19292355211640042
h,1852,0.2020690374946241
h,1853,0.2124468793585036
h,1854,0.24769959899059926
h,1855,0.25172253830020364
h,1856,0.26833252753679343
h,1857,0.2714682357173056
h,1858,0.2771634998315983
h,1859,0.2935166340005797
h,1860,0.3211069573470775
h,1861,0.33813620394435717
h,1862,0.34567778257238213
h,1863,0.3685313041792614
h,1864,0.39639607085696615
h,1865,0.4210947491746373
h,1866,0.4345977709716095
h,1867,0.4652040368323021
h,1868,0.4784542720252866
h,1869,0.5075517480947791
h,1870,0.5197039480467873
h,1871,0.5549316608346175
h,1872,0.6156083924064597
h,1873,0.6551327658631911
h,1874,0.6374888239164889
h,1875,0.6711892525370601
h,1876,0.6850150035274478
h,1877,0.700877988738015
h,1878,0.7102208806778414
h,1879,0.7626967858314923
h,1880,0.8632127240436723
h,1881,0.8843712055722721
h,1882,0.9339506672436519
h,1883,0.9919133171545707
h,1884,1.0056906987317304
h,1885,1.0172349994951841
h,1886,1.0372185463112746
h,1887,1.0912470626919952
h,1888,1.2049825466135984
h,1889,1.20551326304831
h,1890,1.3082513799754887
h,1891,1.3694255261017583
h,1892,1.3839483546841902
h,1893,1.3747362285495481
h,1894,1.4233980187147837
h,1895,1.5088799318737824
h,1896,1.5567698123534537
h,1897,1.6275759806212378
h,1898,1.7141700723445745
h,1899,1.8641735362736083
h,1900,1.963620599143328
h,1901,2.0349117420430796
h,1902,2.0908005453079057
h,1903,2.273055544802917
h,1904,2.3046870673031012
h,1905,2.4521070809056056
h,1906,2.610627286710224
h,1907,2.9003454860971885
h,1908,2.811475405003306
h,1909,2.9203042425701735
h,1910,3.0654690661194337
h,1911,3.1231013731339416
h,1912,3.2769058921975383
h,1913,3.536983780050245
h,1914,3.2187472806151574
h,1915,3.171128816445608
h,1916,3.4036883908412396
h,1917,3.5231584460656005
h,1918,3.465965302269309
h,1919,3.0259181887587583
h,1920,3.468017207865939
h,1921,3.05244572410576
h,1922,3.2275946504656314
h,1923,3.6152734761145604
h,1924,3.638786834080479
h,1925,3.703076424070992
h,1926,3.7025145802666715
h,1927,4.016406820364546
h,1928,4.0280847773559385
h,1929,4.327301959514735
h,1930,3.9843899295190797
h,1931,3.592930310548872
h,1932,3.252952391772245
h,1933,3.4077286554966153
h,1934,3.6921146069402915
h,1935,3.876561120056186
h,1936,4.240445170298415
h,1937,4.5253104763260374
h,1938,4.265908639772012
h,1939,4.497689881435647
h,1940,4.965632672023056
h,1941,5.094648624928683
h,1942,5.110141827225665
h,1943,5.282467985602381
h,1944,5.233093565687719
h,1945,4.42179685630461
h,1946,4.66681694143757
h,1947,5.1727345494556864
h,1948,5.46905906885792
h,1949,5.375502328479928
h,1950,5.837740861889648
h,1951,6.27725832259884
h,1952,6.415620635720624
h,1953,6.579343591724937
h,1954,6.754437734396949
h,1955,7.369583168064947
h,1956,7.8479175092218085
h,1957,8.119819193725531
h,1958,8.446108877310067
h,1959,8.85199647971202
h,1960,9.454097211835691
h,1961,9.516483920772853
h,1962,9.890338674299098
h,1963,10.453288750804703
h,1964,11.004662662596633
h,1965,11.518698197114144
h,1966,12.074899847886602
h,1967,12.489529573926603
h,1968,13.228990268515
h,1969,13.977354451614378
h,1970,15.044503534142963
h,1971,15.627810182889927
h,1972,16.33224744083347
h,1973,17.267022556736542
h,1974,17.208195555600252
h,1975,17.17784569394095
h,1976,18.073783817022747
h,1977,18.653857734975404
h,1978,19.24028423877714
h,1979,19.770857515039182
h,1980,19.58005703918602
h,1981,19.299518662497118
h,1982,19.19282782893726
h,1983,19.320865121558708
h,1984,19.94646865716183
h,1985,20.250392432109937
h,1986,20.623636249599684
h,1987,21.288067192818005
h,1988,21.981418259778838
h,1989,22.338762807163583
h,1990,22.94257103191512
h,1991,23.02882942473488
h,1992,22.891837607316663
h,1993,23.01198055686307
h,1994,23.18740267239792
h,1995,23.729783405750794
h,1996,24.220480792666418
h,1997,24.64867273678962
h,1998,24.807017735198304
h,1999,25.03151986593739
h,2000,25.776556046959477
h,2001,26.03614730646333
h,2002,26.51322490613231
h,2003,27.79828180449055
h,2004,29.139002674746738
h,2005,30.13246353125063
h,2006,31.188585028211566
h,2007,32.36730771901994
h,2008,32.61089058282505
h,2009,31.884038102768354
h,2010,33.81428386817776
h,2011,34.79465790827678
h,2012,35.210760663896465
h,2013,35.85262493484158
h,2014,36.13741160011484
h,2015,36.052700316356876
h,2016,36.09354386281786
h,2017,36.694621314121825
h,2018,37.37349215299074
h,2019,37.44619472081973
h,2020,35.73902524479265
h,2021,37.84524298596229
h,2022,38.113130773589276
h,2023,38.74688829811485
h,2024,38.90016204905309
h,2025,39.051862910213366
h,2026,39.46913180126554
h,2027,39.886400692317714
h,2028,40.30366958336988
h,2029,40.720938474422056
h,2030,41.13820736547423
h,2031,41.381339386114234
h,2032,41.624471406754246
h,2033,41.86760342739425
h,2034,42.11073544803426
h,2035,42.35386746867427
h,2036,42.46892338283558
h,2037,42.58397929699689
h,2038,42.6990352111582
h,2039,42.81409112531951
h,2040,42.92914703948082
h,2041,42.97415073915808
h,2042,43.019154438835336
h,2043,43.06415813851259
h,2044,43.10916183818985
h,2045,43.15416553786711
h,2046,43.10333018390903
h,2047,43.05249482995095
h,2048,43.001659475992874
h,2049,42.950824122034795
h,2050,42.89998876807672
h,2051,43.30833755998819
h,2052,43.71668635189966
h,2053,44.12503514381114
h,2054,44.53338393572261
h,2055,44.94173272763408
h,2056,45.262574418623345
h,2057,45.5834161096126
h,2058,45.90425780060186
h,2059,46.225099491591116
h,2060,46.54594118258038
h,2061,46.69287633945697
h,2062,46.83981149633357
h,2063,46.98674665321017
h,2064,47.13368181008676
h,2065,47.28061696696336
h,2066,47.41930554677418
h,2067,47.55799412658501
h,2068,47.69668270639583
h,2069,47.83537128620666
h,2070,47.974059866017484
h,2071,48.14749988492041
h,2072,48.32093990382333
h,2073,48.49437992272626
h,2074,48.66781994162918
h,2075,48.841259960532106
h,2076,49.00964996543238
h,2077,49.178039970332655
h,2078,49.34642997523294
h,2079,49.51481998013321
h,2080,49.683209985033486
h,2081,49.84182045323423
h,2082,50.00043092143497
h,2083,50.15904138963572
h,2084,50.31765185783646
h,2085,50.4762623260372
h,2086,50.65597130072172
h,2087,50.83568027540623
h,2088,51.01538925009074
h,2089,51.19509822477526
h,2090,51.374807199459774
h,2091,51.56311124675803
h,2092,51.75141529405628
h,2093,51.93971934135454
h,2094,52.12802338865279
h,2095,52.316327435951045
h,2096,52.49626959183081
h,2097,52.67621174771058
h,2098,52.85615390359035
h,2099,53.03609605947012
h,2100,53.21603821534988
vl,1850,0.19084720311641623
vl,1851,0.19292355211640042
vl,1852,0.2020690374946241
vl,1853,0.2124468793585036
vl,1854,0.24769959899059926
vl,1855,0.25172253830020364
vl,1856,0.26833252753679343
vl,1857,0.2714682357173056
vl,1858,0.2771634998315983
vl,1859,0.2935166340005797
vl,1860,0.3211069573470775
vl,1861,0.33813620394435717
vl,1862,0.34567778257238213
vl,1863,0.3685313041792614
vl,1864,0.39639607085696615
vl,1865,0.4210947491746373
vl,1866,0.4345977709716095
vl,1867,0.4652040368323021
vl,1868,0.4784542720252866
vl,1869,0.5075517480947791
vl,1870,0.5197039480467873
vl,1871,0.5549316608346175
vl,1872,0.6156083924064597
vl,1873,0.6551327658631911
vl,1874,0.6374888239164889
vl,1875,0.6711892525370601
vl,1876,0.6850150035274478
vl,1877,0.700877988738015
vl,1878,0.7102208806778414
vl,1879,0.7626967858314923
vl,1880,0.8632127240436723
vl,1881,0.8843712055722721
vl,1882,0.9339506672436519
vl,1883,0.9919133171545707
vl,1884,1.0056906987317304
vl,1885,1.0172349994951841
vl,1886,1.0372185463112746
vl,1887,1.0912470626919952
vl,1888,1.2049825466135984
vl,1889,1.20551326304831
vl,1890,1.3082513799754887
vl,1891,1.3694255261017583
vl,1892,1.3839483546841902
vl,1893,1.3747362285495481
vl,1894,1.4233980187147837
vl,1895,1.5088799318737824
vl,1896,1.5567698123534537
vl,1897,1.6275759806212378
vl,1898,1.7141700723445745
vl,1899,1.8641735362736083
vl,1900,1.963620599143328
vl,1901,2.0349117420430796
vl,1902,2.0908005453079057
vl,1903,2.273055544802917
vl,1904,2.3046870673031012
vl,1905,2.4521070809056056
vl,1906,2.610627286710224
vl,1907,2.9003454860971885
vl,1908,2.811475405003306
vl,1909,2.9203042425701735
vl,1910,3.0654690661194337
vl,1911,3.1231013731339416
vl,1912,3.2769058921975383
vl,1913,3.536983780050245
vl,1914,3.2187472806151574
vl,1915,3.171128816445608
vl,1916,3.4036883908412396
vl,1917,3.5231584460656005
vl,1918,3.465965302269309
vl,1919,3.0259181887587583
vl,1920,3.468017207865939
vl,1921,3.05244572410576
vl,1922,3.2275946504656314
vl,1923,3.6152734761145604
vl,1924,3.638786834080479
vl,1925,3.703076424070992
vl,1926,3.7025145802666715
vl,1927,4.016406820364546
vl,1928,4.0280847773559385
vl,1929,4.327301959514735
vl,1930,3.9843899295190797
vl,1931,3.592930310548872
vl,1932,3.252952391772245
vl,1933,3.4077286554966153
vl,1934,3.6921146069402915
vl,1935,3.876561120056186
vl,1936,4.240445170298415
vl,1937,4.5253104763260374
vl,1938,4.265908639772012
vl,1939,4.497689881435647
vl,1940,4.965632672023056
vl,1941,5.094648624928683
vl,1942,5.110141827225665
vl,1943,5.282467985602381
vl,1944,5.233093565687719
vl,1945,4.42179685630461
vl,1946,4.66681694143757
vl,1947,5.1727345494556864
vl,1948,5.46905906885792
vl,1949,5.375502328479928
vl,1950,5.837740861889648
vl,1951,6.27725832259884
vl,1952,6.415620635720624
vl,1953,6.579343591724937
vl,1954,6.754437734396949
vl,1955,7.369583168064947
vl,1956,7.8479175092218085
vl,1957,8.119819193725531
vl,1958,8.446108877310067
vl,1959,8.85199647971202
vl,1960,9.454097211835691
vl,1961,9.516483920772853
vl,1962,9.890338674299098
vl,1963,10.453288750804703
vl,1964,11.004662662596633
vl,1965,11.518698197114144
vl,1966,12.074899847886602
vl,1967,12.489529573926603
vl,1968,13.228990268515
vl,1969,13.977354451614378
vl,1970,15.044503534142963
vl,1971,15.627810182889927
vl,1972,16.33224744083347
vl,1973,17.267022556736542
vl,1974,17.208195555600252
vl,1975,17.17784569394095
vl,1976,18.073783817022747
vl,1977,18.653857734975404
vl,1978,19.24028423877714
vl,1979,19.770857515039182
vl,1980,19.58005703918602
vl,1981,19.299518662497118
vl,1982,19.19282782893726
vl,1983,19.320865121558708
vl,1984,19.94646865716183
vl,1985,20.250392432109937
vl,1986,20.623636249599684
vl,1987,21.288067192818005
vl,1988,21.981418259778838
vl,1989,22.338762807163583
vl,1990,22.94257103191512
vl,1991,23.02882942473488
vl,1992,22.891837607316663
vl,1993,23.01198055686307
vl,1994,23.18740267239792
vl,1995,23.729783405750794
vl,1996,24.220480792666418
vl,1997,24.64867273678962
vl,1998,24.807017735198304
vl,1999,25.03151986593739
vl,2000,25.776556046959477
vl,2001,26.03614730646333
vl,2002,26.51322490613231
vl,2003,27.79828180449055
vl,2004,29.139002674746738
vl,2005,30.13246353125063
vl,2006,31.188585028211566
vl,2007,32.36730771901994
vl,2008,32.61089058282505
vl,2009,31.884038102768354
vl,2010,33.81428386817776
vl,2011,34.79465790827678
vl,2012,35.210760663896465
vl,2013,35.85262493484158
vl,2014,36.13741160011484
vl,2015,36.052700316356876
vl,2016,36.09354386281786
vl,2017,36.694621314121825
vl,2018,37.37349215299074
vl,2019,37.44619472081973
vl,2020,35.73902524479265
vl,2021,37.84524298596229
vl,2022,38.113130773589276
vl,2023,38.74688829811485
vl,2024,39.058336987014165
vl,2025,39.37351915463741
vl,2026,38.59760420383647
vl,2027,37.82168925303554
vl,2028,37.0457743022346
vl,2029,36.26985935143367
vl,2030,35.49394440063273
vl,2031,32.9416766213574
vl,2032,30.38940884208207
vl,2033,27.83714106280674
vl,2034,25.28487328353141
vl,2035,22.73260550425608
vl,2036,20.657617636905222
vl,2037,18.58262976955436
vl,2038,16.5076419022035
vl,2039,14.432654034852638
vl,2040,12.357666167501776
vl,2041,10.99960933031854
vl,2042,9.641552493135306
vl,2043,8.28349565595207
vl,2044,6.925438818768835
vl,2045,5.5673819815856
vl,2046,4.86528250569534
vl,2047,4.16318302980508
vl,2048,3.461083553914821
vl,2049,2.7589840780245614
vl,2050,2.0568846021343017
vl,2051,1.7886433331231357
vl,2052,1.5204020641119698
vl,2053,1.2521607951008038
vl,2054,0.9839195260896378
vl,2055,0.7156782570784719
vl,2056,0.5088359467592097
vl,2057,0.30199363643994753
vl,2058,0.09515132612068533
vl,2059,-0.11169098419857681
vl,2060,-0.31853329451783896
vl,2061,-0.36389667753742816
vl,2062,-0.40926006055701736
vl,2063,-0.45462344357660656
vl,2064,-0.49998682659619575
vl,2065,-0.545350209615785
vl,2066,-0.5907128835378272
vl,2067,-0.6360755574598694
vl,2068,-0.6814382313819117
vl,2069,-0.7268009053039539
vl,2070,-0.7721635792259962
vl,2071,-0.8003154005851756
vl,2072,-0.828467221944355
vl,2073,-0.8566190433035343
vl,2074,-0.8847708646627137
vl,2075,-0.9129226860218931
vl,2076,-0.9410747878650776
vl,2077,-0.969226889708262
vl,2078,-0.9973789915514465
vl,2079,-1.0255310933946309
vl,2080,-1.0536831952378154
vl,2081,-1.0463494184929132
vl,2082,-1.039015641748011
vl,2083,-1.0316818650031085
vl,2084,-1.0243480882582063
vl,2085,-1.0170143115133041
vl,2086,-1.0096797973263116
vl,2087,-1.002345283139319
vl,2088,-0.9950107689523264
vl,2089,-0.9876762547653338
vl,2090,-0.9803417405783412
vl,2091,-0.9885855664004283
vl,2092,-0.9968293922225153
vl,2093,-1.0050732180446023
vl,2094,-1.0133170438666894
vl,2095,-1.0215608696887764
vl,2096,-1.0298043291892764
vl,2097,-1.0380477886897768
vl,2098,-1.0462912481902769
vl,2099,-1.0545347076907772
vl,2100,-1.0627781671912773
