emulator_scenario,fair_scenario,short,year,p5,p17,p33,p50,p66,p83,p95
h,high-extension,H,1850,-0.1591445649245578,-0.0966116636664782,-0.045045674608543,-0.0044100979188685,0.0391414824839537,0.0922611594163254,0.1655812389066238
h,high-extension,H,1851,-0.1639503719030677,-0.0884178396034859,-0.0379649555982677,0.0037117698776323,0.0415830356591603,0.0971934512844373,0.1619710248532194
h,high-extension,H,1852,-0.1504696967441993,-0.0796998228679254,-0.0341307662707433,0.0042794446888423,0.0457741263293403,0.0946812853425111,0.1614294059123995
h,high-extension,H,1853,-0.139977077711135,-0.0745695775648344,-0.0315933554695566,0.0102385171722901,0.0459287527242646,0.103029160527107,0.1766498634621381
h,high-extension,H,1854,-0.1500764402165859,-0.0774251261635598,-0.02681450324843,0.0111656715229889,0.0537697534621195,0.1034420570201366,0.1790878207876285
h,high-extension,H,1855,-0.1418641766556534,-0.069250913152254,-0.0257315979659522,0.0094185411838616,0.0480545360058117,0.0989910069704025,0.1740006163619528
h,high-extension,H,1856,-0.1819058723708704,-0.1080604996229579,-0.059105090428626,-0.014306307949335,0.0216587087463783,0.0732568206312171,0.1595451153717438
h,high-extension,H,1857,-0.1878551003818854,-0.1109762147733654,-0.0573071194651077,-0.0213732354158732,0.0146783847692883,0.064630154714092,0.1494211602050195
h,high-extension,H,1858,-0.1754567300694451,-0.1022219031929642,-0.0533816604816259,-0.0105827736412628,0.0298964703262763,0.0807565036224612,0.1537890650079429
h,high-extension,H,1859,-0.1475549873856965,-0.0808228621773986,-0.0341783958218722,0.0032014476207677,0.0380090449596483,0.0936360861073506,0.1571173709694451
h,high-extension,H,1860,-0.1410982510596383,-0.0768586633229802,-0.0285696691088235,0.0078144728211332,0.0441158433977178,0.0878893560244046,0.1495592420542957
h,high-extension,H,1861,-0.1311126351869009,-0.0661731270892409,-0.0225382194381925,0.0174154893855967,0.0539540721568643,0.1043235008480075,0.1796671167533989
h,high-extension,H,1862,-0.1419614181597497,-0.0753262003183722,-0.0254813338508953,0.0116934094861057,0.0444607003511954,0.0996799294395603,0.1818839470824717
h,high-extension,H,1863,-0.1447235133024294,-0.0765822366863309,-0.0266407251637329,0.0117593482012245,0.0446045406688598,0.0947101140523924,0.166643403757932
h,high-extension,H,1864,-0.2140496214729836,-0.1459698195979798,-0.096243393219333,-0.057586752686715,-0.0204774626275368,0.0278441525739546,0.0988426717878303
h,high-extension,H,1865,-0.223989748502901,-0.1506871941930323,-0.104678923902469,-0.0691018817900491,-0.0329276568628157,0.0128296098695572,0.0790388251852211
h,high-extension,H,1866,-0.1883510979084462,-0.1181291985764945,-0.0754757781016428,-0.0372520321058655,-0.0011736197962769,0.0514305580564466,0.1097687200384634
h,high-extension,H,1867,-0.1719867157793503,-0.1063118274895884,-0.0516972589069577,-0.0102464800613408,0.027462834969306,0.0751599289987365,0.1494429092965353
h,high-extension,H,1868,-0.1481940397590392,-0.0791522153694589,-0.0386518637824962,0.0002465459269419,0.0332439579238111,0.0860431422202371,0.1524597372308364
h,high-extension,H,1869,-0.1480526809649643,-0.0752193806062555,-0.0286270560623534,0.0077796370041857,0.0402447695847118,0.0912955163282364,0.1718348424624288
h,high-extension,H,1870,-0.1372488775945347,-0.0714694346311395,-0.0272904007366666,0.0117961980501003,0.0481035250798659,0.099791731244833,0.1679761268152112
h,high-extension,H,1871,-0.1394341909993841,-0.0722321227273724,-0.0209554938208659,0.0147364632684982,0.0506590171886158,0.1006814290423434,0.1647600110293603
h,high-extension,H,1872,-0.1208422872434959,-0.0655954776881448,-0.0148608399522576,0.0228140147077614,0.0601419659580404,0.1118192146683057,0.1692677149097576
h,high-extension,H,1873,-0.1146548340896475,-0.0610190652901358,-0.0102771744184647,0.025424818692977,0.0573949847879848,0.1094793970744168,0.177364629480819
h,high-extension,H,1874,-0.1249105432948481,-0.0640286945665945,-0.0142334268816617,0.022526054559235,0.0603797239640087,0.1063153557144163,0.1787690179658991
h,high-extension,H,1875,-0.137338268718497,-0.0593054214899553,-0.0150240126329638,0.0284309347138979,0.0670859743995833,0.1156462738407017,0.1851768168346312
h,high-extension,H,1876,-0.1155078758314122,-0.0510759097729461,0.0029184453890567,0.0356670622034698,0.073211288486259,0.1161792140621858,0.1743563742958792
h,high-extension,H,1877,-0.1298163896404752,-0.0494088206013365,0.0030155604485702,0.0375977352955264,0.0731904840612752,0.1192355281059913,0.1856978296097924
h,high-extension,H,1878,-0.1193817877787922,-0.0478924041745492,-0.0014123260198305,0.0411655644503266,0.0825174230682201,0.1291867785143012,0.2020536483987053
h,high-extension,H,1879,-0.1075292124414914,-0.0464924724018369,-0.0010810372998945,0.0428426172950442,0.0731301642910868,0.1308241225365002,0.1944240101867116
h,high-extension,H,1880,-0.1004819364705548,-0.0373274010065316,0.0044071860785702,0.0432275465332784,0.0784390613903976,0.1288349484107553,0.1950185505746726
h,high-extension,H,1881,-0.1047804981674903,-0.0459285014813231,-0.0002274560436203,0.0406771811421535,0.0752757345358667,0.1206207796268598,0.1803881281559578
h,high-extension,H,1882,-0.1117900072563621,-0.0479011212552326,-0.0022456374035213,0.0354101336072828,0.070654536653023,0.1193242661427276,0.1909844191745498
h,high-extension,H,1883,-0.1278869538072944,-0.0461955788954182,-0.000907005628622,0.0394708786007766,0.0751420875936782,0.1228791966938942,0.1858033693280998
h,high-extension,H,1884,-0.1648873311473179,-0.093460844655049,-0.0322215924622716,0.003211449471986,0.0422712023112912,0.0922254056172011,0.1545518941426763
h,high-extension,H,1885,-0.3353792094978344,-0.2506785392602392,-0.1941829411485597,-0.1480043152561284,-0.1083620885301511,-0.0531745227151984,0.0322365521633957
h,high-extension,H,1886,-0.3026343738038196,-0.2384362280609221,-0.180577181832869,-0.1439314631547605,-0.1075212974669257,-0.0577152237296332,0.0114816131048306
h,high-extension,H,1887,-0.2634557222144367,-0.1876970934605395,-0.1423595613401519,-0.0989042975142068,-0.0593328857359063,-0.0114275190388521,0.0608264168324273
h,high-extension,H,1888,-0.2201801263290941,-0.159522769044113,-0.1063401709636722,-0.0643962430786307,-0.0243913145687542,0.0235426652146387,0.1124993114706519
h,high-extension,H,1889,-0.1751354995888767,-0.1120717329997376,-0.0696074039667132,-0.02738307889058,0.0080568244467278,0.0511213790052254,0.1136287722076117
h,high-extension,H,1890,-0.1552097529234415,-0.0947632589375338,-0.0442204817808908,-0.0081680231934897,0.027021027828967,0.0810529572546922,0.1409462272495405
h,high-extension,H,1891,-0.1536945839373711,-0.0885844916332606,-0.0434277799261314,-0.0054322187653839,0.0329939671977349,0.0775887387498877,0.1458051159772354
h,high-extension,H,1892,-0.1648189559369587,-0.1050715308429259,-0.0551291640093269,-0.0182264901715784,0.0137312436802736,0.0649664468635806,0.1329618776519185
h,high-extension,H,1893,-0.1817639521232141,-0.1064429404341518,-0.0621375691513392,-0.0214753879214246,0.0184271756779266,0.0722788958106615,0.1325000998911403
h,high-extension,H,1894,-0.1730079630438389,-0.0945581510818347,-0.039770858300899,-0.0030417270312276,0.0364081648523122,0.0898796502597637,0.1515411845356858
h,high-extension,H,1895,-0.1478646710147522,-0.0756683088771999,-0.0294710128582774,0.0129195593884011,0.0456748715023421,0.0967554951098383,0.1564161862159479
h,high-extension,H,1896,-0.1351432093730474,-0.0650251704334248,-0.015676532706869,0.0239307736861737,0.0631899828920078,0.1099622040927045,0.1855416700204493
h,high-extension,H,1897,-0.1253659766932552,-0.0636663460306252,-0.0114300096351207,0.0296458475398889,0.0641500977175201,0.1174266983190271,0.1925791910971202
h,high-extension,H,1898,-0.120675898961241,-0.0497346513844513,0.000125637473105,0.0388302163539786,0.0773794414419603,0.1237237575191844,0.1990961078627286
h,high-extension,H,1899,-0.131789152816057,-0.0475570418933954,0.0012770361999657,0.0422823306661971,0.0788041953758628,0.1292910010270792,0.2036087309270369
h,high-extension,H,1900,-0.1248283841907643,-0.0558529028353031,-0.0025421173102768,0.0365417351962086,0.0768724843088659,0.1266850482084268,0.2096225234504187
h,high-extension,H,1901,-0.1270078074963241,-0.0555740642754858,-0.0065999856945594,0.0383543992486212,0.0750751314161785,0.128095430725713,0.1961172688781131
h,high-extension,H,1902,-0.1224327944276723,-0.0542607339367968,-0.0008246672172014,0.0395655525543827,0.0818376144666232,0.1343773430517511,0.2047529512738196
h,high-extension,H,1903,-0.1473167850477847,-0.0708048473423858,-0.0203442468386011,0.0256340349872845,0.0689465815167452,0.1129467619011528,0.1966620980311144
h,high-extension,H,1904,-0.2114434662377972,-0.1377246368926688,-0.0807518959759528,-0.0337420387073472,0.0071124992191124,0.0551338598792631,0.1225549057501954
h,high-extension,H,1905,-0.2109177993351072,-0.1415846486706247,-0.0850006975307569,-0.0389534434036671,0.0020370241619713,0.054297580649468,0.1143423245730419
h,high-extension,H,1906,-0.1981588079206269,-0.1071195738807802,-0.0526592982642175,-0.0148364803196388,0.0285692591440876,0.0725243215991427,0.1467956577375668
h,high-extension,H,1907,-0.1584166341715402,-0.0789800706625952,-0.0289632566934699,0.0141645882730903,0.050223651926188,0.1048381567222634,0.1670566871735219
h,high-extension,H,1908,-0.1637116905257053,-0.0894478774264459,-0.0355212708981818,0.0041590248843531,0.0426430326659992,0.1011956242920595,0.1625970755405916
h,high-extension,H,1909,-0.1584940746350899,-0.0843628246125156,-0.0278228207780461,0.0198299275888938,0.0579043021031083,0.1109215602687622,0.1714012822014209
h,high-extension,H,1910,-0.1615022580481891,-0.0702648678391727,-0.0182514832931993,0.0238649806535237,0.0664923446741386,0.1126232786829855,0.1878272924664209
h,high-extension,H,1911,-0.1469290492466311,-0.0785049943641617,-0.0225114204511453,0.0203066270872931,0.0600960639769227,0.1099559424185588,0.2069672465244336
h,high-extension,H,1912,-0.1503777477276254,-0.0707317619751898,-0.0161257999234454,0.0284693360586171,0.0752147533976439,0.1362372036647909,0.2042973874100374
h,high-extension,H,1913,-0.1921320433004779,-0.1032964087530921,-0.0554982613024597,-0.010814546704491,0.0301089220033606,0.0844902794891999,0.1648923228138393
h,high-extension,H,1914,-0.2010742899130161,-0.1306290257580331,-0.0757770746143883,-0.0377882971164248,0.0051724970726371,0.0660148656037213,0.1434701464362697
h,high-extension,H,1915,-0.1894340803992197,-0.1131718594481504,-0.0558104358233837,-0.0092154635702721,0.0332935102153358,0.0842955822149646,0.1701336948287141
h,high-extension,H,1916,-0.154524371283462,-0.0838474283209857,-0.0316943817340495,0.0125113475889791,0.0567740174293556,0.109206648724266,0.1944764464506047
h,high-extension,H,1917,-0.1488708241982902,-0.076372123771333,-0.0202789554593316,0.0267048939493241,0.0655618228091419,0.1205997513737406,0.2003250690743586
h,high-extension,H,1918,-0.1474173456237724,-0.0647052939080064,-0.0101124044182227,0.0390980326017954,0.0776814855821494,0.1280698457717495,0.19997256023352
h,high-extension,H,1919,-0.1324798832989185,-0.0537081343905012,-0.0037193901002057,0.0463994428532836,0.0853156449549447,0.1393142494021012,0.2070406155290068
h,high-extension,H,1920,-0.1256802167248085,-0.0501724337617339,0.0062049445119761,0.055509374828205,0.0945840417384638,0.1490032150535286,0.2269885403717556
h,high-extension,H,1921,-0.1170509128456441,-0.0439780353840245,0.0093004967093181,0.0585639367035538,0.096846040152919,0.1571755618234317,0.2331401353708976
h,high-extension,H,1922,-0.1028634631581435,-0.0176434933322714,0.0251398880735657,0.0666367066977459,0.1074570494027067,0.1650931770200902,0.2481875870248724
h,high-extension,H,1923,-0.104091731169833,-0.0245145931711401,0.0328624094151441,0.0752597657586865,0.111274572993119,0.1722847365908927,0.2361433107409473
h,high-extension,H,1924,-0.1110245447479832,-0.0322491345676831,0.0210120847272086,0.0712251248365889,0.1168968539459152,0.1751226560781476,0.2539042517670766
h,high-extension,H,1925,-0.0925480233572356,-0.0096594017840152,0.040352180406479,0.0822248072054502,0.1182114410232406,0.1747730332393758,0.2450574335331566
h,high-extension,H,1926,-0.0850482505254164,-0.002896487890552,0.0473526577460317,0.0911624967420264,0.1318201161009462,0.1898031267341299,0.2660367556461975
h,high-extension,H,1927,-0.0783994147806426,-0.0005583604814021,0.053202868809564,0.0977886796078553,0.1397903174756557,0.1951793772583599,0.2679612654331728
h,high-extension,H,1928,-0.0782247186435992,-3.794019037934039e-05,0.0504547904369198,0.0954838780969255,0.145255516947216,0.2023923437628926,0.2864371712234686
h,high-extension,H,1929,-0.0690695611396203,0.0067663333385048,0.0586552215634936,0.1069164794594843,0.1438979675039075,0.1979690537268195,0.2771580496862259
h,high-extension,H,1930,-0.0777755863129708,-0.0145426247919939,0.0313892539020818,0.0780298733142499,0.1205629568527809,0.1818694112787459,0.2452250372651188
h,high-extension,H,1931,-0.0670765650125095,-0.0008872017253943,0.0456220147674965,0.0961826520368389,0.1413418944834886,0.1934412014531754,0.2606145555882617
h,high-extension,H,1932,-0.0632059045104717,0.0172229751715933,0.0713212445103451,0.1104138744483268,0.1517680739409491,0.2140117621489025,0.2980970280454083
h,high-extension,H,1933,-0.0596343150968774,0.0151447220741198,0.0693406181824489,0.1084641280702237,0.1590862226614788,0.214142693230522,0.2852207849702123
h,high-extension,H,1934,-0.0507519186400288,0.0270819658365151,0.081400931530789,0.1209826407337123,0.1621650739738725,0.217568332986435,0.2978914067347271
h,high-extension,H,1935,-0.0372582205487935,0.0385942335721446,0.0903500475082425,0.1366729443612364,0.1763997827779876,0.231788634920657,0.305209284277804
h,high-extension,H,1936,-0.0301127260076026,0.0421221952704344,0.0989869215773779,0.1385270345026104,0.1750359295732245,0.2278488974070227,0.3068712093622536
h,high-extension,H,1937,-0.0312485938095964,0.0460078470708216,0.0966853802433856,0.1342151892236971,0.179257412122394,0.2320325500584222,0.3212622830126583
h,high-extension,H,1938,-0.0312802260152808,0.0397692402748686,0.0976582828945771,0.1418659161334835,0.1854476936644049,0.2472083507489737,0.3135542699432503
h,high-extension,H,1939,-0.0211986942497798,0.0512144665577986,0.101728184948496,0.1462404904997025,0.1847592536092415,0.244001921996503,0.3251885170025552
h,high-extension,H,1940,-0.0327137567423971,0.045849098065593,0.1024560929116807,0.1494752230083162,0.1922118317197698,0.2466901693840398,0.3189874998266178
h,high-extension,H,1941,-0.0182444233086849,0.0528909070642934,0.108144772901994,0.1525343543399264,0.1948956790842655,0.2522638734849269,0.3307471926066194
h,high-extension,H,1942,-0.0140677730638606,0.0595202613077328,0.1063629757288632,0.1514672538519049,0.1945212965960996,0.2622774383207525,0.3242225743536392
h,high-extension,H,1943,-0.020020143246763,0.0622167393483248,0.1063079184137638,0.1591304169938071,0.2058551440296663,0.2600232253500448,0.3437054669151538
h,high-extension,H,1944,-0.0214702103859374,0.0585702068866751,0.1139520945018121,0.1599215946769062,0.2005783458595986,0.2575887031743412,0.3375920653121716
h,high-extension,H,1945,-0.0180465764474503,0.0614593435199456,0.1170750156203498,0.1650561736241753,0.2073025735727799,0.2645452612374627,0.3342234270394382
h,high-extension,H,1946,-0.0046607214173421,0.0782335543685872,0.1292425998313893,0.1741172194290207,0.2159054375872688,0.2758866285098128,0.3608949449187892
h,high-extension,H,1947,8.404887400345618e-05,0.0819164193908089,0.1347839281324022,0.1885602142794319,0.2316563847096261,0.2926135870895997,0.3745040897061646
h,high-extension,H,1948,0.0172506590421585,0.094024469745613,0.1505988838750403,0.1903719059182685,0.2312533898992064,0.2901980391691682,0.3707102476383142
h,high-extension,H,1949,0.0201634348350493,0.0885672715574046,0.1422553607503527,0.1953054409633971,0.2415790469549572,0.2944914249019682,0.3678846512108586
h,high-extension,H,1950,0.0288324883155991,0.096960295037341,0.1499594309163294,0.1996427405500911,0.2409191500514326,0.296447905682987,0.3701539931805183
h,high-extension,H,1951,0.0232956013508844,0.1067653074679352,0.1549757505939993,0.200411803605704,0.2428193044688008,0.2963826173720769,0.3793843458744743
h,high-extension,H,1952,0.0194953622626739,0.0985447537854264,0.1533871561179946,0.2058969214405384,0.2477730119729407,0.3058583854677231,0.3840877840673969
h,high-extension,H,1953,0.0288313634102056,0.1060527608091687,0.163515469384155,0.2093842864809658,0.2496340455165272,0.3005042464888491,0.3813407827229545
h,high-extension,H,1954,0.0238996284663587,0.1189200983687965,0.1692086745375823,0.2128973809021894,0.2519923292868051,0.3072654200906483,0.388143802124528
h,high-extension,H,1955,0.0301733458877543,0.1087727431782464,0.1637085567090582,0.2072035349483288,0.2475215590379972,0.3070148898009499,0.3922526768856964
h,high-extension,H,1956,0.030727635102984,0.1086567938500758,0.1643551919361609,0.2070676432499051,0.250959431717036,0.3089994909854651,0.3900640040852954
h,high-extension,H,1957,0.0279622762829594,0.1130017891591976,0.1652530312451502,0.2149957146617126,0.258711686196603,0.3099953786853597,0.3937116374802544
h,high-extension,H,1958,0.043111218660954,0.1153809353634152,0.1710480659100984,0.2188964220082087,0.2601492651397477,0.3138863340804202,0.3862546560751148
h,high-extension,H,1959,0.0468683616913542,0.1128642107188801,0.1734650542815768,0.2227297883176038,0.2653582280911749,0.3240801723280389,0.3926518321307504
h,high-extension,H,1960,0.0548981388696269,0.1299424176197685,0.1820945571165592,0.2271786275310004,0.2750726965314977,0.3228720848014696,0.403732621385739
h,high-extension,H,1961,0.051488291304422,0.1278463114192298,0.1818502926880437,0.233004906727973,0.2830142740699488,0.3337351117635165,0.4201196166244671
h,high-extension,H,1962,0.0488845129563811,0.1251264717799687,0.1845999540161486,0.2337201989765638,0.2804215010984592,0.3476527271565641,0.4256597480989852
h,high-extension,H,1963,0.0388964793532201,0.1127729869727084,0.1741937797769149,0.2170581294491765,0.264523466056807,0.3247971560109317,0.4055988239584186
h,high-extension,H,1964,-0.0340068380454364,0.0307771095343418,0.0892702402792468,0.1419724438262014,0.1925563416522775,0.2513150614627687,0.3320185641165387
h,high-extension,H,1965,-0.0825922711247115,-0.0001374893284304,0.0656882320490418,0.1155880834319658,0.1651283468082454,0.2326126815300247,0.3182909672486912
h,high-extension,H,1966,-0.0659875877219341,0.0232142247866659,0.0858700190316094,0.1407773270160522,0.1912265685783866,0.2523119891978498,0.3250740149570117
h,high-extension,H,1967,-0.0201843022534706,0.0641296173424551,0.1300292520496911,0.1809465829646446,0.2323502089569332,0.2926188786400516,0.3729485126985448
h,high-extension,H,1968,-0.0024609154936995,0.0737014273358092,0.1358881172734972,0.1882931294622958,0.238974132103657,0.3024821263234056,0.3915300636170745
h,high-extension,H,1969,0.0016635677912021,0.0895004599679432,0.145584644674302,0.2038337013524107,0.2596709656840115,0.320411303159494,0.3979527952694578
h,high-extension,H,1970,0.0358297810774686,0.1078947884994279,0.1720022402978576,0.2306900294908058,0.2799312053837384,0.3388327570592633,0.4261200342643778
h,high-extension,H,1971,0.0410190074362023,0.1181750967013387,0.1808903018713106,0.2331773306758052,0.2871160457667009,0.3527707418007677,0.4336004046600441
h,high-extension,H,1972,0.0256907794250337,0.115261572896481,0.1875954705825281,0.2442998679443129,0.2987444389955514,0.3714523372541091,0.4452087592021623
h,high-extension,H,1973,0.0384151283889476,0.123329129839221,0.1962503669164281,0.2543267839736204,0.3041276741609769,0.3732461554827102,0.4610390329539504
h,high-extension,H,1974,0.0684644281538539,0.1518022565827461,0.2111005186080835,0.2663197661649663,0.3234961160394589,0.3970750563767529,0.4774008056182561
h,high-extension,H,1975,0.0750857003651054,0.1622932585442702,0.2236943135912596,0.2827106251822473,0.3371462853396864,0.4091856508062878,0.4997132522067303
h,high-extension,H,1976,0.0649998087464936,0.1507367016266586,0.2190255886717853,0.2759768013121476,0.337762921490352,0.4061497717657782,0.4927877611692818
h,high-extension,H,1977,0.0803401135656879,0.16842394009916,0.238530453289286,0.3047003958729294,0.3528088129083343,0.4218665570783084,0.5033340120297253
h,high-extension,H,1978,0.0961475785641178,0.1927410653053424,0.2603941611349539,0.32198462984424,0.3709247727616757,0.4446423274273742,0.5325278828345545
h,high-extension,H,1979,0.1266882324537763,0.2187194467150452,0.2819304335097836,0.3397398666053381,0.3970853000228949,0.4603717246218933,0.5520729630790477
h,high-extension,H,1980,0.1369579054307316,0.2292424010686679,0.293798674845491,0.3507817228145779,0.4134288145946552,0.4884357507129804,0.5868123235411508
h,high-extension,H,1981,0.1723973497312408,0.2464434607443905,0.3084288509279801,0.3637717790602028,0.4192293195266772,0.4991551807577051,0.5878372862254124
h,high-extension,H,1982,0.1888927815701441,0.2607190490310707,0.3238837230643889,0.3841562800770755,0.4371612733988548,0.5193457812674481,0.6049087781691322
h,high-extension,H,1983,0.1653313318952192,0.2511285912542949,0.3101080001335787,0.3702884286283661,0.4194450240619848,0.4897065261730972,0.5896846687596359
h,high-extension,H,1984,0.1516868347623273,0.2273049690464955,0.2846825123989546,0.3434263909702675,0.386269250071926,0.4555614117831847,0.5558200712535086
h,high-extension,H,1985,0.1580573686487573,0.2269493979549715,0.3021928004969532,0.3567519340536696,0.4174131413582274,0.4880731415160482,0.5652430169088121
h,high-extension,H,1986,0.1919425438533559,0.2758565760731025,0.3412683237838075,0.399890167919419,0.4545683050911533,0.5161999766862467,0.6036926844845795
h,high-extension,H,1987,0.2176165742551734,0.3111188073806211,0.3770470554569637,0.4299432872215554,0.486068774518369,0.5554746294262543,0.6408351870783792
h,high-extension,H,1988,0.2255013054777296,0.3341140112001271,0.4034094112397678,0.4592444737064017,0.5077726069868379,0.5834802728941376,0.6671348271256329
h,high-extension,H,1989,0.2823307280600111,0.3633839959092782,0.4334607697491495,0.48992565846162,0.5381403074065317,0.612021821061839,0.6971840975015922
h,high-extension,H,1990,0.2971693540863506,0.3873270988733406,0.4553708515951012,0.5093541732783282,0.56313947718102,0.6357327556822884,0.7275520056160679
h,high-extension,H,1991,0.3404449151669941,0.417758294148816,0.4850089545234227,0.5400988913477942,0.5924049857308061,0.6608266883870381,0.7503543582548466
h,high-extension,H,1992,0.2886632626171052,0.3772299950045187,0.4383673190051373,0.493156165541187,0.5425662822934633,0.6143543353951634,0.709332908887028
h,high-extension,H,1993,0.1917878939627366,0.269042621669652,0.335560435692892,0.388523171450516,0.4432624363469838,0.5217411616453154,0.6103101326458789
h,high-extension,H,1994,0.2223741653147726,0.2971311908779359,0.363339974250334,0.4129959474457188,0.4623387075111034,0.5468554428911481,0.6265006918235124
h,high-extension,H,1995,0.2821272813119511,0.3698152700960539,0.4318047586994544,0.4900057359062703,0.5445038336596963,0.6139111373815382,0.7114288122316328
h,high-extension,H,1996,0.3480614308870701,0.4385084244958803,0.5024521729320461,0.5583256841558643,0.6103327984876616,0.6807694587623598,0.7727761561414188
h,high-extension,H,1997,0.4067591552051391,0.4960450169380665,0.5578749232719244,0.6110209637738551,0.6700503453673171,0.7439652537307627,0.8164502888899989
h,high-extension,H,1998,0.4305295284375158,0.5236643201599896,0.575276626212624,0.6375823959707276,0.6869436489808627,0.7580624909133304,0.8491690354074644
h,high-extension,H,1999,0.4463818815242802,0.5360098290979882,0.6015145188806607,0.6575858177850407,0.7156911727945185,0.7818219780488648,0.8765935869497344
h,high-extension,H,2000,0.4986578781027879,0.5850047765838737,0.6441772579269186,0.6975337673011887,0.7537889990402753,0.8124137078123322,0.904279359273025
h,high-extension,H,2001,0.542808546749112,0.6185936804731987,0.6836362405011747,0.7428457463731046,0.7944677151620542,0.8603390799063924,0.9508607016930646
h,high-extension,H,2002,0.588108046345479,0.6564886413061449,0.7250046878115218,0.7795012270970763,0.8267529928537579,0.8947681952913624,0.9753598904611748
h,high-extension,H,2003,0.5964134496649212,0.6742187169256635,0.7335509887835715,0.7859292880252345,0.833773546990253,0.8981506080085898,0.9781953086001728
h,high-extension,H,2004,0.5865842020381883,0.6777520827500173,0.747499552270506,0.7966603229881755,0.8462278130915903,0.9111146744476972,0.9882412211994104
h,high-extension,H,2005,0.6267786223732205,0.707274052319524,0.7614585137867661,0.8109687801062269,0.8616594147111124,0.924291746946075,1.009104842004033
h,high-extension,H,2006,0.6399186329660835,0.7134372398456339,0.7757575215572053,0.8290101705245473,0.8756365716229126,0.9409297676631122,1.0265572585867828
h,high-extension,H,2007,0.6453330119423243,0.725621536511662,0.7944880048909546,0.8441279786239287,0.8930082777950689,0.9597392477501104,1.035687647098617
h,high-extension,H,2008,0.6559074930131895,0.7442234876772944,0.8112936348099449,0.8614323961477883,0.9075531035019953,0.9778777172811468,1.0514032919667338
h,high-extension,H,2009,0.6879464998676191,0.7702703655986523,0.8348426630715403,0.8869688676425717,0.935783516090996,0.9968116409576128,1.0886716102424072
h,high-extension,H,2010,0.7048314720782887,0.7958745397329436,0.8625605837597337,0.9152907068216288,0.9656058691077972,1.0282785701581834,1.1051771293352248
h,high-extension,H,2011,0.7124287294812347,0.8182374005304803,0.8875402457193095,0.9417428009821116,0.9882639805999216,1.0559857455818649,1.1344913890601362
h,high-extension,H,2012,0.748437838668243,0.8496464787862038,0.9061524851078726,0.9604239079877112,1.014333564654006,1.0728196780067634,1.1572421634147505
h,high-extension,H,2013,0.7861113943588848,0.8605428802060382,0.9234002958536888,0.9753383656258076,1.0308847221941373,1.089436494823319,1.1719937063400323
h,high-extension,H,2014,0.7938992935587745,0.901303424394812,0.9612670220605424,1.0194485064651773,1.0664961956057553,1.1283450063615488,1.2082115690425743
h,high-extension,H,2015,0.824391722398946,0.9138806243649896,0.9863886821946454,1.0453646540368362,1.092553766592674,1.1539628121310856,1.2342487965494282
h,high-extension,H,2016,0.8513634791586363,0.9445716772855908,1.014794531296738,1.0687442748767524,1.1202420895150047,1.1802991556944198,1.279370786686972
h,high-extension,H,2017,0.8780166904420373,0.9798191150391168,1.053300744205378,1.1023134496813292,1.1572988586862727,1.2194409914066862,1.2903357752630529
h,high-extension,H,2018,0.9019020836746856,1.0107412803035671,1.0773944868034873,1.1398037874701568,1.1921493497756928,1.2502072726857605,1.3322172177540064
h,high-extension,H,2019,0.9344726739610626,1.0328651319264963,1.104811557431628,1.1680297181693475,1.222896674760237,1.2846047192395986,1.3664970794208564
h,high-extension,H,2020,0.9525107974834284,1.0563886172549253,1.1144221242100376,1.1723967580949726,1.2298556456020284,1.290118909365553,1.387148632751225
h,high-extension,H,2021,0.9715803963949274,1.080995406026514,1.1523605314605805,1.20711135653781,1.2624071628842042,1.326742384217821,1.4250871934917702
h,high-extension,H,2022,0.9821187993641172,1.1015734407292668,1.1771529192979409,1.2369508081142602,1.2900899507609829,1.3636186173653275,1.4480754429514011
h,high-extension,H,2023,1.0227120943354335,1.1174440008485569,1.2030092614481342,1.2679198055771563,1.3243402907015451,1.3938556047293078,1.4703677296427815
h,high-extension,H,2024,1.0295706989281963,1.1330194115098176,1.2221324493672248,1.29229158348054,1.351133225110328,1.42453464139887,1.5194934136701466
h,high-extension,H,2025,1.048904482306303,1.1708372872153952,1.2442486237261854,1.3230445508759845,1.3771660930968053,1.456676003421034,1.5530293464028802
h,high-extension,H,2026,1.0502824776337891,1.17598591426566,1.2712124871153667,1.339878829790414,1.400219804358594,1.4915706926454388,1.599269103897876
h,high-extension,H,2027,1.0826620476631972,1.199909174446306,1.2949754893818828,1.363451606148142,1.4200185983551137,1.506566697109843,1.6021085899086822
h,high-extension,H,2028,1.1023810334680633,1.220356709228688,1.3058240737043738,1.3857914917897525,1.4534389901637417,1.5436020636425956,1.6783756885230017
h,high-extension,H,2029,1.1134800456623448,1.2388868523460823,1.3306124131223187,1.4109939095272968,1.4799707603653764,1.5760776415376567,1.7011179022326168
h,high-extension,H,2030,1.1293952193622128,1.2549929878847563,1.3561834545059277,1.4303901960926406,1.501686026561255,1.5901672959847712,1.71259896118844
h,high-extension,H,2031,1.136277763579164,1.2703090348240758,1.3703590995315262,1.4484552021145451,1.513539541905908,1.6179188101490456,1.7408849227155128
h,high-extension,H,2032,1.168812709529371,1.28206727539313,1.381712444052269,1.4633163783986478,1.5418510664131269,1.6363350332333997,1.7524239769038852
h,high-extension,H,2033,1.163029529422002,1.2991099803624475,1.3914184100291511,1.4771124602194006,1.5575347535058663,1.669531790518526,1.808851598734343
h,high-extension,H,2034,1.2051280168429397,1.328426171168713,1.424960024150234,1.5054623029648364,1.5826892642494534,1.6889910077356531,1.8470473293416303
h,high-extension,H,2035,1.2103259823847952,1.3385412497520357,1.4461123525564823,1.5275896927362334,1.6013770535513578,1.7190234587722657,1.8450183462434584
h,high-extension,H,2036,1.230059625741616,1.3610153129756255,1.4569144716082962,1.5454722110064885,1.631084930949298,1.7248694722905211,1.885480324247142
h,high-extension,H,2037,1.2555154621740374,1.3842575616761437,1.474568409847327,1.5733503049928943,1.6583063301982262,1.7767361952829663,1.8967315630303485
h,high-extension,H,2038,1.280954188592833,1.3987660942222284,1.5118560245330663,1.5917541908841122,1.676546385582515,1.785487337997536,1.956324107040066
h,high-extension,H,2039,1.275412754366129,1.4248885680681975,1.5283569909634005,1.6164661671442349,1.7054007426308484,1.8161199359685216,1.978372640031027
h,high-extension,H,2040,1.3120070640175143,1.4411554499282972,1.5537833541012858,1.6431586585153557,1.7229284414809634,1.838299809707284,1.994701842617048
h,high-extension,H,2041,1.3276142486461566,1.4634942852718122,1.5678276472661288,1.6523950192761403,1.746646842380501,1.8662562371159368,2.021421127714838
h,high-extension,H,2042,1.3457920031637702,1.48063784790032,1.592472775749751,1.683197881749411,1.7749261439558208,1.8965387128225484,2.029173325800838
h,high-extension,H,2043,1.3640831422040491,1.4988417873645206,1.6052930609868925,1.6971238306559109,1.7922214315944376,1.9219623537054635,2.062167069226122
h,high-extension,H,2044,1.3767115610285234,1.5169161809507492,1.6304214996167752,1.7360840584265615,1.820623936702675,1.9487887617636737,2.1034934457982883
h,high-extension,H,2045,1.3984131182001565,1.5407501549257223,1.648325516086392,1.7521516251951046,1.858906937390971,1.9762495539900329,2.1551163317787507
h,high-extension,H,2046,1.40582507173323,1.5612853676595777,1.6736898874197688,1.7825520014524665,1.87160666587208,1.9926845969506464,2.154610836811215
h,high-extension,H,2047,1.4088526929030285,1.5858165565092506,1.7008670309461045,1.798645476583169,1.8951319026423277,2.018425017522905,2.1671334600547603
h,high-extension,H,2048,1.4628913158018906,1.6071154735246274,1.728001351477114,1.821751141219428,1.9324677451912928,2.0543984950406897,2.2289182096478197
h,high-extension,H,2049,1.4652235302890837,1.634617604910877,1.750033596170273,1.8540736672062184,1.948303063951361,2.0894888226244275,2.266797305348809
h,high-extension,H,2050,1.4938882413312204,1.6419926710774366,1.76519617074359,1.8797058993387437,1.9812068030585253,2.1150226885095877,2.324530410936513
h,high-extension,H,2051,1.4985047917007723,1.6757536020544943,1.7964862030136846,1.909385241217743,2.0129854786676376,2.1630286579158597,2.3340059758806357
h,high-extension,H,2052,1.5303058801630594,1.6951113534944846,1.820621770769519,1.9261246853915832,2.049781286342438,2.189840296278322,2.375706215473971
h,high-extension,H,2053,1.5565799652066663,1.7194121225415573,1.8432452701561608,1.9563525586711004,2.0624391332263903,2.2272536732456696,2.3882671884487374
h,high-extension,H,2054,1.575581134226351,1.7382469280580948,1.8699739386137109,1.9823890690579304,2.0780733798538336,2.236878315116237,2.439271828696422
h,high-extension,H,2055,1.5937342274244155,1.750931820034644,1.894009551155976,2.006990847219462,2.117803158024062,2.2628891817283456,2.458020811443081
h,high-extension,H,2056,1.6103166037278276,1.7777760068590076,1.9180984258812412,2.038082704617585,2.145016323944507,2.302217175059341,2.4942207530291234
h,high-extension,H,2057,1.613392080456957,1.802649570639556,1.9361675499054656,2.068669218665967,2.187151918897904,2.3438796244832467,2.539989043486844
h,high-extension,H,2058,1.63914975670481,1.8303540608440876,1.976276496188459,2.097210055951326,2.207183496519357,2.369329396663645,2.5891876939101497
h,high-extension,H,2059,1.6754615716307737,1.8508508967184056,1.992827629539064,2.119363264626416,2.236507607336032,2.394343142104402,2.620277208173354
h,high-extension,H,2060,1.6893213558716182,1.8889581996625016,2.017141159150229,2.1394307105209256,2.2799079139657867,2.4352396133141427,2.632303093499223
h,high-extension,H,2061,1.697104322843092,1.8972489986579109,2.0560114914737837,2.168250836127161,2.2951961211840906,2.4621527240238668,2.656584362852278
h,high-extension,H,2062,1.7243705255266264,1.9215106582606916,2.0824275091013997,2.198251065799666,2.3135339729098434,2.4904211161377594,2.7062248042721464
h,high-extension,H,2063,1.7469820284986377,1.9450844609195133,2.0985084424558145,2.227642728347171,2.3524139389354963,2.51594994931826,2.735504249924754
h,high-extension,H,2064,1.7822962277337746,1.97116051192112,2.1183098930589392,2.259670849452936,2.378504513198603,2.5657417256642345,2.809574477323477
h,high-extension,H,2065,1.777981496593196,1.99363625614992,2.1436972001518355,2.2937804656747973,2.417168658013873,2.5912750380091163,2.8319735732766667
h,high-extension,H,2066,1.7994566779027068,2.0067602523601638,2.172499378007784,2.307516446306094,2.450345120503571,2.6247460606174005,2.865247343592729
h,high-extension,H,2067,1.8446947391146795,2.039291043803705,2.1987327122978715,2.3401660084964986,2.468787592228371,2.661662064897486,2.9198025396936487
h,high-extension,H,2068,1.875083013403092,2.065155612328359,2.2289921238450923,2.375136200805682,2.496566492786293,2.709106984318039,2.9529314130605764
h,high-extension,H,2069,1.9014183218281235,2.0969239725189257,2.244792744534092,2.396421480596191,2.541807078243574,2.732732461236285,2.9863377752014304
h,high-extension,H,2070,1.8922711121181612,2.1135567886200928,2.284207431830888,2.425435134452818,2.567460541911766,2.7640517831599034,3.0464852390181365
h,high-extension,H,2071,1.9011511535160084,2.1381939494618667,2.3005962366105908,2.451311969634689,2.6008612524399157,2.798423634048563,3.077573360915661
h,high-extension,H,2072,1.9603050847683443,2.150340153261741,2.3378069005292392,2.477451721148267,2.6447913353221835,2.842352769933116,3.132188625448324
h,high-extension,H,2073,1.9600198326972011,2.169427946962381,2.363125277964833,2.5194168801698376,2.67312048396119,2.873238091871174,3.1730312145553974
h,high-extension,H,2074,1.979885961534297,2.199358137682124,2.3856686612405493,2.543899254581182,2.706169952715336,2.9199982036167675,3.194160422838862
h,high-extension,H,2075,2.0048792307621537,2.227871833126038,2.4186144751741896,2.577399714828712,2.7474289847835087,2.9615482195175864,3.2576487830640444
h,high-extension,H,2076,2.0308673655049847,2.250340349813203,2.439487752214559,2.604352799513401,2.7691269603011395,3.004247824609589,3.2868540771113604
h,high-extension,H,2077,2.0508589332985534,2.2745443062986905,2.474844389300729,2.637490209537448,2.804674412971468,3.023424890461241,3.317524580522016
h,high-extension,H,2078,2.0995450831490703,2.3142873811650726,2.4944063180020684,2.6566155904723527,2.836616330573115,3.059487655841281,3.358834341776593
h,high-extension,H,2079,2.0893749141661218,2.3402158746747173,2.531854007053599,2.6926588579104025,2.8634598348451124,3.1195251283335765,3.392091708093921
h,high-extension,H,2080,2.12002064451645,2.351335992676612,2.548701850514406,2.7407747821577857,2.9199519290530525,3.1426888614700363,3.440738771168999
h,high-extension,H,2081,2.13866393286071,2.373483769695236,2.580516891266977,2.76111455764903,2.9351531391325385,3.181586700500433,3.475971181678735
h,high-extension,H,2082,2.1631605426166427,2.415833698325292,2.6004547198398784,2.7945174978201304,2.976044864591115,3.224248314037668,3.519934487760502
h,high-extension,H,2083,2.1826086075146467,2.4220713950107897,2.6396665085047863,2.8211302276467234,2.996154917212808,3.246386685528079,3.601176938288997
h,high-extension,H,2084,2.186328710690547,2.467216678911452,2.67109204717341,2.8464421925831007,3.0338413178557344,3.2910662248896583,3.61890640445841
h,high-extension,H,2085,2.238599472128051,2.4849140580294318,2.684713680344545,2.8686679310192087,3.087749662490488,3.328146241571626,3.664189288757541
h,high-extension,H,2086,2.2530342811015887,2.5208410934588272,2.7077701081995174,2.9082756927973934,3.099471106397123,3.3751140599999245,3.713115823196185
h,high-extension,H,2087,2.296317589124015,2.537638915501547,2.7277676200034904,2.938872390332997,3.147348724109335,3.394719721846663,3.784848756318123
h,high-extension,H,2088,2.3159281120810866,2.5575161412720337,2.764692508218628,2.9837218722613907,3.178898299758182,3.439149256745633,3.8325326887874938
h,high-extension,H,2089,2.3538590298346973,2.5744221996085046,2.8045058705450177,3.0243622813576745,3.2274077897503304,3.4871320518437368,3.836881708500738
h,high-extension,H,2090,2.3616250453048955,2.6106286758113137,2.838511298183334,3.051164057411695,3.2515851931659867,3.543034223769049,3.873502407473513
h,high-extension,H,2091,2.369515710683625,2.6310439942602843,2.866911785956645,3.0834803217300792,3.2977187378671817,3.57379026768502,3.946565141051487
h,high-extension,H,2092,2.4202044520110824,2.6604377735462896,2.886053893120926,3.101230393647103,3.30159681291022,3.589404951689211,4.001362475684638
h,high-extension,H,2093,2.4223021667203355,2.702173018934672,2.9238446377072878,3.141989925579817,3.342846036236988,3.654560700093264,4.047461499361974
h,high-extension,H,2094,2.4156194738396515,2.712794835903761,2.9521749944230016,3.1742436236995144,3.364396943073876,3.6938659579297295,4.035920921809561
h,high-extension,H,2095,2.412044087569249,2.748520079178396,2.994717434747697,3.211193246169848,3.422056228887382,3.738769646614581,4.089855640732977
h,high-extension,H,2096,2.460082741018116,2.773574053796468,3.008289534062668,3.2384895091097183,3.4652675881734343,3.788768763034536,4.165380233517493
h,high-extension,H,2097,2.4956674347728667,2.795374407653833,3.037592598934102,3.278080347681484,3.5195510552795914,3.821776203218907,4.194352009060004
h,high-extension,H,2098,2.530728232365213,2.8261483857606997,3.081985274773895,3.308157413394324,3.537072600705686,3.881949442897478,4.2133408554047564
h,high-extension,H,2099,2.53881424374984,2.848314916219977,3.112564118279044,3.316684608600797,3.577094224949626,3.919707093437805,4.278055157006809
h,high-extension,H,2100,2.5632694103096343,2.8715216673371806,3.1307499933534806,3.3759046413423217,3.5935185960582747,3.95193356159142,4.306652104723043
vl,verylow,VLLO,1850,-0.1591445649245578,-0.0966116636664782,-0.045045674608543,-0.0044100979188685,0.0391414824839537,0.0922611594163254,0.1655812389066238
vl,verylow,VLLO,1851,-0.1639503719030677,-0.0884178396034859,-0.0379649555982677,0.0037117698776323,0.0415830356591603,0.0971934512844373,0.1619710248532194
vl,verylow,VLLO,1852,-0.1504696967441993,-0.0796998228679254,-0.0341307662707433,0.0042794446888423,0.0457741263293403,0.0946812853425111,0.1614294059123995
vl,verylow,VLLO,1853,-0.139977077711135,-0.0745695775648344,-0.0315933554695566,0.0102385171722901,0.0459287527242646,0.103029160527107,0.1766498634621381
vl,verylow,VLLO,1854,-0.1500764402165859,-0.0774251261635598,-0.02681450324843,0.0111656715229889,0.0537697534621195,0.1034420570201366,0.1790878207876285
vl,verylow,VLLO,1855,-0.1418641766556534,-0.069250913152254,-0.0257315979659522,0.0094185411838616,0.0480545360058117,0.0989910069704025,0.1740006163619528
vl,verylow,VLLO,1856,-0.1819058723708704,-0.1080604996229579,-0.059105090428626,-0.014306307949335,0.0216587087463783,0.0732568206312171,0.1595451153717438
vl,verylow,VLLO,1857,-0.1878551003818854,-0.1109762147733654,-0.0573071194651077,-0.0213732354158732,0.0146783847692883,0.064630154714092,0.1494211602050195
vl,verylow,VLLO,1858,-0.1754567300694451,-0.1022219031929642,-0.0533816604816259,-0.0105827736412628,0.0298964703262763,0.0807565036224612,0.1537890650079429
vl,verylow,VLLO,1859,-0.1475549873856965,-0.0808228621773986,-0.0341783958218722,0.0032014476207677,0.0380090449596483,0.0936360861073506,0.1571173709694451
vl,verylow,VLLO,1860,-0.1410982510596383,-0.0768586633229802,-0.0285696691088235,0.0078144728211332,0.0441158433977178,0.0878893560244046,0.1495592420542957
vl,verylow,VLLO,1861,-0.1311126351869009,-0.0661731270892409,-0.0225382194381925,0.0174154893855967,0.0539540721568643,0.1043235008480075,0.1796671167533989
vl,verylow,VLLO,1862,-0.1419614181597497,-0.0753262003183722,-0.0254813338508953,0.0116934094861057,0.0444607003511954,0.0996799294395603,0.1818839470824717
vl,verylow,VLLO,1863,-0.1447235133024294,-0.0765822366863309,-0.0266407251637329,0.0117593482012245,0.0446045406688598,0.0947101140523924,0.166643403757932
vl,verylow,VLLO,1864,-0.2140496214729836,-0.1459698195979798,-0.096243393219333,-0.057586752686715,-0.0204774626275368,0.0278441525739546,0.0988426717878303
vl,verylow,VLLO,1865,-0.223989748502901,-0.1506871941930323,-0.104678923902469,-0.0691018817900491,-0.0329276568628157,0.0128296098695572,0.0790388251852211
vl,verylow,VLLO,1866,-0.1883510979084462,-0.1181291985764945,-0.0754757781016428,-0.0372520321058655,-0.0011736197962769,0.0514305580564466,0.1097687200384634
vl,verylow,VLLO,1867,-0.1719867157793503,-0.1063118274895884,-0.0516972589069577,-0.0102464800613408,0.027462834969306,0.0751599289987365,0.1494429092965353
vl,verylow,VLLO,1868,-0.1481940397590392,-0.0791522153694589,-0.0386518637824962,0.0002465459269419,0.0332439579238111,0.0860431422202371,0.1524597372308364
vl,verylow,VLLO,1869,-0.1480526809649643,-0.0752193806062555,-0.0286270560623534,0.0077796370041857,0.0402447695847118,0.0912955163282364,0.1718348424624288
vl,verylow,VLLO,1870,-0.1372488775945347,-0.0714694346311395,-0.0272904007366666,0.0117961980501003,0.0481035250798659,0.099791731244833,0.1679761268152112
vl,verylow,VLLO,1871,-0.1394341909993841,-0.0722321227273724,-0.0209554938208659,0.0147364632684982,0.0506590171886158,0.1006814290423434,0.1647600110293603
vl,verylow,VLLO,1872,-0.1208422872434959,-0.0655954776881448,-0.0148608399522576,0.0228140147077614,0.0601419659580404,0.1118192146683057,0.1692677149097576
vl,verylow,VLLO,1873,-0.1146548340896475,-0.0610190652901358,-0.0102771744184647,0.025424818692977,0.0573949847879848,0.1094793970744168,0.177364629480819
vl,verylow,VLLO,1874,-0.1249105432948481,-0.0640286945665945,-0.0142334268816617,0.022526054559235,0.0603797239640087,0.1063153557144163,0.1787690179658991
vl,verylow,VLLO,1875,-0.137338268718497,-0.0593054214899553,-0.0150240126329638,0.0284309347138979,0.0670859743995833,0.1156462738407017,0.1851768168346312
vl,verylow,VLLO,1876,-0.1155078758314122,-0.0510759097729461,0.0029184453890567,0.0356670622034698,0.073211288486259,0.1161792140621858,0.1743563742958792
vl,verylow,VLLO,1877,-0.1298163896404752,-0.0494088206013365,0.0030155604485702,0.0375977352955264,0.0731904840612752,0.1192355281059913,0.1856978296097924
vl,verylow,VLLO,1878,-0.1193817877787922,-0.0478924041745492,-0.0014123260198305,0.0411655644503266,0.0825174230682201,0.1291867785143012,0.2020536483987053
vl,verylow,VLLO,1879,-0.1075292124414914,-0.0464924724018369,-0.0010810372998945,0.0428426172950442,0.0731301642910868,0.1308241225365002,0.1944240101867116
vl,verylow,VLLO,1880,-0.1004819364705548,-0.0373274010065316,0.0044071860785702,0.0432275465332784,0.0784390613903976,0.1288349484107553,0.1950185505746726
vl,verylow,VLLO,1881,-0.1047804981674903,-0.0459285014813231,-0.0002274560436203,0.0406771811421535,0.0752757345358667,0.1206207796268598,0.1803881281559578
vl,verylow,VLLO,1882,-0.1117900072563621,-0.0479011212552326,-0.0022456374035213,0.0354101336072828,0.070654536653023,0.1193242661427276,0.1909844191745498
vl,verylow,VLLO,1883,-0.1278869538072944,-0.0461955788954182,-0.000907005628622,0.0394708786007766,0.0751420875936782,0.1228791966938942,0.1858033693280998
vl,verylow,VLLO,1884,-0.1648873311473179,-0.093460844655049,-0.0322215924622716,0.003211449471986,0.0422712023112912,0.0922254056172011,0.1545518941426763
vl,verylow,VLLO,1885,-0.3353792094978344,-0.2506785392602392,-0.1941829411485597,-0.1480043152561284,-0.1083620885301511,-0.0531745227151984,0.0322365521633957
vl,verylow,VLLO,1886,-0.3026343738038196,-0.2384362280609221,-0.180577181832869,-0.1439314631547605,-0.1075212974669257,-0.0577152237296332,0.0114816131048306
vl,verylow,VLLO,1887,-0.2634557222144367,-0.1876970934605395,-0.1423595613401519,-0.0989042975142068,-0.0593328857359063,-0.0114275190388521,0.0608264168324273
vl,verylow,VLLO,1888,-0.2201801263290941,-0.159522769044113,-0.1063401709636722,-0.0643962430786307,-0.0243913145687542,0.0235426652146387,0.1124993114706519
vl,verylow,VLLO,1889,-0.1751354995888767,-0.1120717329997376,-0.0696074039667132,-0.02738307889058,0.0080568244467278,0.0511213790052254,0.1136287722076117
vl,verylow,VLLO,1890,-0.1552097529234415,-0.0947632589375338,-0.0442204817808908,-0.0081680231934897,0.027021027828967,0.0810529572546922,0.1409462272495405
vl,verylow,VLLO,1891,-0.1536945839373711,-0.0885844916332606,-0.0434277799261314,-0.0054322187653839,0.0329939671977349,0.0775887387498877,0.1458051159772354
vl,verylow,VLLO,1892,-0.1648189559369587,-0.1050715308429259,-0.0551291640093269,-0.0182264901715784,0.0137312436802736,0.0649664468635806,0.1329618776519185
vl,verylow,VLLO,1893,-0.1817639521232141,-0.1064429404341518,-0.0621375691513392,-0.0214753879214246,0.0184271756779266,0.0722788958106615,0.1325000998911403
vl,verylow,VLLO,1894,-0.1730079630438389,-0.0945581510818347,-0.039770858300899,-0.0030417270312276,0.0364081648523122,0.0898796502597637,0.1515411845356858
vl,verylow,VLLO,1895,-0.1478646710147522,-0.0756683088771999,-0.0294710128582774,0.0129195593884011,0.0456748715023421,0.0967554951098383,0.1564161862159479
vl,verylow,VLLO,1896,-0.1351432093730474,-0.0650251704334248,-0.015676532706869,0.0239307736861737,0.0631899828920078,0.1099622040927045,0.1855416700204493
vl,verylow,VLLO,1897,-0.1253659766932552,-0.0636663460306252,-0.0114300096351207,0.0296458475398889,0.0641500977175201,0.1174266983190271,0.1925791910971202
vl,verylow,VLLO,1898,-0.120675898961241,-0.0497346513844513,0.000125637473105,0.0388302163539786,0.0773794414419603,0.1237237575191844,0.1990961078627286
vl,verylow,VLLO,1899,-0.131789152816057,-0.0475570418933954,0.0012770361999657,0.0422823306661971,0.0788041953758628,0.1292910010270792,0.2036087309270369
vl,verylow,VLLO,1900,-0.1248283841907643,-0.0558529028353031,-0.0025421173102768,0.0365417351962086,0.0768724843088659,0.1266850482084268,0.2096225234504187
vl,verylow,VLLO,1901,-0.1270078074963241,-0.0555740642754858,-0.0065999856945594,0.0383543992486212,0.0750751314161785,0.128095430725713,0.1961172688781131
vl,verylow,VLLO,1902,-0.1224327944276723,-0.0542607339367968,-0.0008246672172014,0.0395655525543827,0.0818376144666232,0.1343773430517511,0.2047529512738196
vl,verylow,VLLO,1903,-0.1473167850477847,-0.0708048473423858,-0.0203442468386011,0.0256340349872845,0.0689465815167452,0.1129467619011528,0.1966620980311144
vl,verylow,VLLO,1904,-0.2114434662377972,-0.1377246368926688,-0.0807518959759528,-0.0337420387073472,0.0071124992191124,0.0551338598792631,0.1225549057501954
vl,verylow,VLLO,1905,-0.2109177993351072,-0.1415846486706247,-0.0850006975307569,-0.0389534434036671,0.0020370241619713,0.054297580649468,0.1143423245730419
vl,verylow,VLLO,1906,-0.1981588079206269,-0.1071195738807802,-0.0526592982642175,-0.0148364803196388,0.0285692591440876,0.0725243215991427,0.1467956577375668
vl,verylow,VLLO,1907,-0.1584166341715402,-0.0789800706625952,-0.0289632566934699,0.0141645882730903,0.050223651926188,0.1048381567222634,0.1670566871735219
vl,verylow,VLLO,1908,-0.1637116905257053,-0.0894478774264459,-0.0355212708981818,0.0041590248843531,0.0426430326659992,0.1011956242920595,0.1625970755405916
vl,verylow,VLLO,1909,-0.1584940746350899,-0.0843628246125156,-0.0278228207780461,0.0198299275888938,0.0579043021031083,0.1109215602687622,0.1714012822014209
vl,verylow,VLLO,1910,-0.1615022580481891,-0.0702648678391727,-0.0182514832931993,0.0238649806535237,0.0664923446741386,0.1126232786829855,0.1878272924664209
vl,verylow,VLLO,1911,-0.1469290492466311,-0.0785049943641617,-0.0225114204511453,0.0203066270872931,0.0600960639769227,0.1099559424185588,0.2069672465244336
vl,verylow,VLLO,1912,-0.1503777477276254,-0.0707317619751898,-0.0161257999234454,0.0284693360586171,0.0752147533976439,0.1362372036647909,0.2042973874100374
vl,verylow,VLLO,1913,-0.1921320433004779,-0.1032964087530921,-0.0554982613024597,-0.010814546704491,0.0301089220033606,0.0844902794891999,0.1648923228138393
vl,verylow,VLLO,1914,-0.2010742899130161,-0.1306290257580331,-0.0757770746143883,-0.0377882971164248,0.0051724970726371,0.0660148656037213,0.1434701464362697
vl,verylow,VLLO,1915,-0.1894340803992197,-0.1131718594481504,-0.0558104358233837,-0.0092154635702721,0.0332935102153358,0.0842955822149646,0.1701336948287141
vl,verylow,VLLO,1916,-0.154524371283462,-0.0838474283209857,-0.0316943817340495,0.0125113475889791,0.0567740174293556,0.109206648724266,0.1944764464506047
vl,verylow,VLLO,1917,-0.1488708241982902,-0.076372123771333,-0.0202789554593316,0.0267048939493241,0.0655618228091419,0.1205997513737406,0.2003250690743586
vl,verylow,VLLO,1918,-0.1474173456237724,-0.0647052939080064,-0.0101124044182227,0.0390980326017954,0.0776814855821494,0.1280698457717495,0.19997256023352
vl,verylow,VLLO,1919,-0.1324798832989185,-0.0537081343905012,-0.0037193901002057,0.0463994428532836,0.0853156449549447,0.1393142494021012,0.2070406155290068
vl,verylow,VLLO,1920,-0.1256802167248085,-0.0501724337617339,0.0062049445119761,0.055509374828205,0.0945840417384638,0.1490032150535286,0.2269885403717556
vl,verylow,VLLO,1921,-0.1170509128456441,-0.0439780353840245,0.0093004967093181,0.0585639367035538,0.096846040152919,0.1571755618234317,0.2331401353708976
vl,verylow,VLLO,1922,-0.1028634631581435,-0.0176434933322714,0.0251398880735657,0.0666367066977459,0.1074570494027067,0.1650931770200902,0.2481875870248724
vl,verylow,VLLO,1923,-0.104091731169833,-0.0245145931711401,0.0328624094151441,0.0752597657586865,0.111274572993119,0.1722847365908927,0.2361433107409473
vl,verylow,VLLO,1924,-0.1110245447479832,-0.0322491345676831,0.0210120847272086,0.0712251248365889,0.1168968539459152,0.1751226560781476,0.2539042517670766
vl,verylow,VLLO,1925,-0.0925480233572356,-0.0096594017840152,0.040352180406479,0.0822248072054502,0.1182114410232406,0.1747730332393758,0.2450574335331566
vl,verylow,VLLO,1926,-0.0850482505254164,-0.002896487890552,0.0473526577460317,0.0911624967420264,0.1318201161009462,0.1898031267341299,0.2660367556461975
vl,verylow,VLLO,1927,-0.0783994147806426,-0.0005583604814021,0.053202868809564,0.0977886796078553,0.1397903174756557,0.1951793772583599,0.2679612654331728
vl,verylow,VLLO,1928,-0.0782247186435992,-3.794019037934039e-05,0.0504547904369198,0.0954838780969255,0.145255516947216,0.2023923437628926,0.2864371712234686
vl,verylow,VLLO,1929,-0.0690695611396203,0.0067663333385048,0.0586552215634936,0.1069164794594843,0.1438979675039075,0.1979690537268195,0.2771580496862259
vl,verylow,VLLO,1930,-0.0777755863129708,-0.0145426247919939,0.0313892539020818,0.0780298733142499,0.1205629568527809,0.1818694112787459,0.2452250372651188
vl,verylow,VLLO,1931,-0.0670765650125095,-0.0008872017253943,0.0456220147674965,0.0961826520368389,0.1413418944834886,0.1934412014531754,0.2606145555882617
vl,verylow,VLLO,1932,-0.0632059045104717,0.0172229751715933,0.0713212445103451,0.1104138744483268,0.1517680739409491,0.2140117621489025,0.2980970280454083
vl,verylow,VLLO,1933,-0.0596343150968774,0.0151447220741198,0.0693406181824489,0.1084641280702237,0.1590862226614788,0.214142693230522,0.2852207849702123
vl,verylow,VLLO,1934,-0.0507519186400288,0.0270819658365151,0.081400931530789,0.1209826407337123,0.1621650739738725,0.217568332986435,0.2978914067347271
vl,verylow,VLLO,1935,-0.0372582205487935,0.0385942335721446,0.0903500475082425,0.1366729443612364,0.1763997827779876,0.231788634920657,0.305209284277804
vl,verylow,VLLO,1936,-0.0301127260076026,0.0421221952704344,0.0989869215773779,0.1385270345026104,0.1750359295732245,0.2278488974070227,0.3068712093622536
vl,verylow,VLLO,1937,-0.0312485938095964,0.0460078470708216,0.0966853802433856,0.1342151892236971,0.179257412122394,0.2320325500584222,0.3212622830126583
vl,verylow,VLLO,1938,-0.0312802260152808,0.0397692402748686,0.0976582828945771,0.1418659161334835,0.1854476936644049,0.2472083507489737,0.3135542699432503
vl,verylow,VLLO,1939,-0.0211986942497798,0.0512144665577986,0.101728184948496,0.1462404904997025,0.1847592536092415,0.244001921996503,0.3251885170025552
vl,verylow,VLLO,1940,-0.0327137567423971,0.045849098065593,0.1024560929116807,0.1494752230083162,0.1922118317197698,0.2466901693840398,0.3189874998266178
vl,verylow,VLLO,1941,-0.0182444233086849,0.0528909070642934,0.108144772901994,0.1525343543399264,0.1948956790842655,0.2522638734849269,0.3307471926066194
vl,verylow,VLLO,1942,-0.0140677730638606,0.0595202613077328,0.1063629757288632,0.1514672538519049,0.1945212965960996,0.2622774383207525,0.3242225743536392
vl,verylow,VLLO,1943,-0.020020143246763,0.0622167393483248,0.1063079184137638,0.1591304169938071,0.2058551440296663,0.2600232253500448,0.3437054669151538
vl,verylow,VLLO,1944,-0.0214702103859374,0.0585702068866751,0.1139520945018121,0.1599215946769062,0.2005783458595986,0.2575887031743412,0.3375920653121716
vl,verylow,VLLO,1945,-0.0180465764474503,0.0614593435199456,0.1170750156203498,0.1650561736241753,0.2073025735727799,0.2645452612374627,0.3342234270394382
vl,verylow,VLLO,1946,-0.0046607214173421,0.0782335543685872,0.1292425998313893,0.1741172194290207,0.2159054375872688,0.2758866285098128,0.3608949449187892
vl,verylow,VLLO,1947,8.404887400345618e-05,0.0819164193908089,0.1347839281324022,0.1885602142794319,0.2316563847096261,0.2926135870895997,0.3745040897061646
vl,verylow,VLLO,1948,0.0172506590421585,0.094024469745613,0.1505988838750403,0.1903719059182685,0.2312533898992064,0.2901980391691682,0.3707102476383142
vl,verylow,VLLO,1949,0.0201634348350493,0.0885672715574046,0.1422553607503527,0.1953054409633971,0.2415790469549572,0.2944914249019682,0.3678846512108586
vl,verylow,VLLO,1950,0.0288324883155991,0.096960295037341,0.1499594309163294,0.1996427405500911,0.2409191500514326,0.296447905682987,0.3701539931805183
vl,verylow,VLLO,1951,0.0232956013508844,0.1067653074679352,0.1549757505939993,0.200411803605704,0.2428193044688008,0.2963826173720769,0.3793843458744743
vl,verylow,VLLO,1952,0.0194953622626739,0.0985447537854264,0.1533871561179946,0.2058969214405384,0.2477730119729407,0.3058583854677231,0.3840877840673969
vl,verylow,VLLO,1953,0.0288313634102056,0.1060527608091687,0.163515469384155,0.2093842864809658,0.2496340455165272,0.3005042464888491,0.3813407827229545
vl,verylow,VLLO,1954,0.0238996284663587,0.1189200983687965,0.1692086745375823,0.2128973809021894,0.2519923292868051,0.3072654200906483,0.388143802124528
vl,verylow,VLLO,1955,0.0301733458877543,0.1087727431782464,0.1637085567090582,0.2072035349483288,0.2475215590379972,0.3070148898009499,0.3922526768856964
vl,verylow,VLLO,1956,0.030727635102984,0.1086567938500758,0.1643551919361609,0.2070676432499051,0.250959431717036,0.3089994909854651,0.3900640040852954
vl,verylow,VLLO,1957,0.0279622762829594,0.1130017891591976,0.1652530312451502,0.2149957146617126,0.258711686196603,0.3099953786853597,0.3937116374802544
vl,verylow,VLLO,1958,0.043111218660954,0.1153809353634152,0.1710480659100984,0.2188964220082087,0.2601492651397477,0.3138863340804202,0.3862546560751148
vl,verylow,VLLO,1959,0.0468683616913542,0.1128642107188801,0.1734650542815768,0.2227297883176038,0.2653582280911749,0.3240801723280389,0.3926518321307504
vl,verylow,VLLO,1960,0.0548981388696269,0.1299424176197685,0.1820945571165592,0.2271786275310004,0.2750726965314977,0.3228720848014696,0.403732621385739
vl,verylow,VLLO,1961,0.051488291304422,0.1278463114192298,0.1818502926880437,0.233004906727973,0.2830142740699488,0.3337351117635165,0.4201196166244671
vl,verylow,VLLO,1962,0.0488845129563811,0.1251264717799687,0.1845999540161486,0.2337201989765638,0.2804215010984592,0.3476527271565641,0.4256597480989852
vl,verylow,VLLO,1963,0.0388964793532201,0.1127729869727084,0.1741937797769149,0.2170581294491765,0.264523466056807,0.3247971560109317,0.4055988239584186
vl,verylow,VLLO,1964,-0.0340068380454364,0.0307771095343418,0.0892702402792468,0.1419724438262014,0.1925563416522775,0.2513150614627687,0.3320185641165387
vl,verylow,VLLO,1965,-0.0825922711247115,-0.0001374893284304,0.0656882320490418,0.1155880834319658,0.1651283468082454,0.2326126815300247,0.3182909672486912
vl,verylow,VLLO,1966,-0.0659875877219341,0.0232142247866659,0.0858700190316094,0.1407773270160522,0.1912265685783866,0.2523119891978498,0.3250740149570117
vl,verylow,VLLO,1967,-0.0201843022534706,0.0641296173424551,0.1300292520496911,0.1809465829646446,0.2323502089569332,0.2926188786400516,0.3729485126985448
vl,verylow,VLLO,1968,-0.0024609154936995,0.0737014273358092,0.1358881172734972,0.1882931294622958,0.238974132103657,0.3024821263234056,0.3915300636170745
vl,verylow,VLLO,1969,0.0016635677912021,0.0895004599679432,0.145584644674302,0.2038337013524107,0.2596709656840115,0.320411303159494,0.3979527952694578
vl,verylow,VLLO,1970,0.0358297810774686,0.1078947884994279,0.1720022402978576,0.2306900294908058,0.2799312053837384,0.3388327570592633,0.4261200342643778
vl,verylow,VLLO,1971,0.0410190074362023,0.1181750967013387,0.1808903018713106,0.2331773306758052,0.2871160457667009,0.3527707418007677,0.4336004046600441
vl,verylow,VLLO,1972,0.0256907794250337,0.115261572896481,0.1875954705825281,0.2442998679443129,0.2987444389955514,0.3714523372541091,0.4452087592021623
vl,verylow,VLLO,1973,0.0384151283889476,0.123329129839221,0.1962503669164281,0.2543267839736204,0.3041276741609769,0.3732461554827102,0.4610390329539504
vl,verylow,VLLO,1974,0.0684644281538539,0.1518022565827461,0.2111005186080835,0.2663197661649663,0.3234961160394589,0.3970750563767529,0.4774008056182561
vl,verylow,VLLO,1975,0.0750857003651054,0.1622932585442702,0.2236943135912596,0.2827106251822473,0.3371462853396864,0.4091856508062878,0.4997132522067303
vl,verylow,VLLO,1976,0.0649998087464936,0.1507367016266586,0.2190255886717853,0.2759768013121476,0.337762921490352,0.4061497717657782,0.4927877611692818
vl,verylow,VLLO,1977,0.0803401135656879,0.16842394009916,0.238530453289286,0.3047003958729294,0.3528088129083343,0.4218665570783084,0.5033340120297253
vl,verylow,VLLO,1978,0.0961475785641178,0.1927410653053424,0.2603941611349539,0.32198462984424,0.3709247727616757,0.4446423274273742,0.5325278828345545
vl,verylow,VLLO,1979,0.1266882324537763,0.2187194467150452,0.2819304335097836,0.3397398666053381,0.3970853000228949,0.4603717246218933,0.5520729630790477
vl,verylow,VLLO,1980,0.1369579054307316,0.2292424010686679,0.293798674845491,0.3507817228145779,0.4134288145946552,0.4884357507129804,0.5868123235411508
vl,verylow,VLLO,1981,0.1723973497312408,0.2464434607443905,0.3084288509279801,0.3637717790602028,0.4192293195266772,0.4991551807577051,0.5878372862254124
vl,verylow,VLLO,1982,0.1888927815701441,0.2607190490310707,0.3238837230643889,0.3841562800770755,0.4371612733988548,0.5193457812674481,0.6049087781691322
vl,verylow,VLLO,1983,0.1653313318952192,0.2511285912542949,0.3101080001335787,0.3702884286283661,0.4194450240619848,0.4897065261730972,0.5896846687596359
vl,verylow,VLLO,1984,0.1516868347623273,0.2273049690464955,0.2846825123989546,0.3434263909702675,0.386269250071926,0.4555614117831847,0.5558200712535086
vl,verylow,VLLO,1985,0.1580573686487573,0.2269493979549715,0.3021928004969532,0.3567519340536696,0.4174131413582274,0.4880731415160482,0.5652430169088121
vl,verylow,VLLO,1986,0.1919425438533559,0.2758565760731025,0.3412683237838075,0.399890167919419,0.4545683050911533,0.5161999766862467,0.6036926844845795
vl,verylow,VLLO,1987,0.2176165742551734,0.3111188073806211,0.3770470554569637,0.4299432872215554,0.486068774518369,0.5554746294262543,0.6408351870783792
vl,verylow,VLLO,1988,0.2255013054777296,0.3341140112001271,0.4034094112397678,0.4592444737064017,0.5077726069868379,0.5834802728941376,0.6671348271256329
vl,verylow,VLLO,1989,0.2823307280600111,0.3633839959092782,0.4334607697491495,0.48992565846162,0.5381403074065317,0.612021821061839,0.6971840975015922
vl,verylow,VLLO,1990,0.2971693540863506,0.3873270988733406,0.4553708515951012,0.5093541732783282,0.56313947718102,0.6357327556822884,0.7275520056160679
vl,verylow,VLLO,1991,0.3404449151669941,0.417758294148816,0.4850089545234227,0.5400988913477942,0.5924049857308061,0.6608266883870381,0.7503543582548466
vl,verylow,VLLO,1992,0.2886632626171052,0.3772299950045187,0.4383673190051373,0.493156165541187,0.5425662822934633,0.6143543353951634,0.709332908887028
vl,verylow,VLLO,1993,0.1917878939627366,0.269042621669652,0.335560435692892,0.388523171450516,0.4432624363469838,0.5217411616453154,0.6103101326458789
vl,verylow,VLLO,1994,0.2223741653147726,0.2971311908779359,0.363339974250334,0.4129959474457188,0.4623387075111034,0.5468554428911481,0.6265006918235124
vl,verylow,VLLO,1995,0.2821272813119511,0.3698152700960539,0.4318047586994544,0.4900057359062703,0.5445038336596963,0.6139111373815382,0.7114288122316328
vl,verylow,VLLO,1996,0.3480614308870701,0.4385084244958803,0.5024521729320461,0.5583256841558643,0.6103327984876616,0.6807694587623598,0.7727761561414188
vl,verylow,VLLO,1997,0.4067591552051391,0.4960450169380665,0.5578749232719244,0.6110209637738551,0.6700503453673171,0.7439652537307627,0.8164502888899989
vl,verylow,VLLO,1998,0.4305295284375158,0.5236643201599896,0.575276626212624,0.6375823959707276,0.6869436489808627,0.7580624909133304,0.8491690354074644
vl,verylow,VLLO,1999,0.4463818815242802,0.5360098290979882,0.6015145188806607,0.6575858177850407,0.7156911727945185,0.7818219780488648,0.8765935869497344
vl,verylow,VLLO,2000,0.4986578781027879,0.5850047765838737,0.6441772579269186,0.6975337673011887,0.7537889990402753,0.8124137078123322,0.904279359273025
vl,verylow,VLLO,2001,0.542808546749112,0.6185936804731987,0.6836362405011747,0.7428457463731046,0.7944677151620542,0.8603390799063924,0.9508607016930646
vl,verylow,VLLO,2002,0.588108046345479,0.6564886413061449,0.7250046878115218,0.7795012270970763,0.8267529928537579,0.8947681952913624,0.9753598904611748
vl,verylow,VLLO,2003,0.5964134496649212,0.6742187169256635,0.7335509887835715,0.7859292880252345,0.833773546990253,0.8981506080085898,0.9781953086001728
vl,verylow,VLLO,2004,0.5865842020381883,0.6777520827500173,0.747499552270506,0.7966603229881755,0.8462278130915903,0.9111146744476972,0.9882412211994104
vl,verylow,VLLO,2005,0.6267786223732205,0.707274052319524,0.7614585137867661,0.8109687801062269,0.8616594147111124,0.924291746946075,1.009104842004033
vl,verylow,VLLO,2006,0.6399186329660835,0.7134372398456339,0.7757575215572053,0.8290101705245473,0.8756365716229126,0.9409297676631122,1.0265572585867828
vl,verylow,VLLO,2007,0.6453330119423243,0.725621536511662,0.7944880048909546,0.8441279786239287,0.8930082777950689,0.9597392477501104,1.035687647098617
vl,verylow,VLLO,2008,0.6559074930131895,0.7442234876772944,0.8112936348099449,0.8614323961477883,0.9075531035019953,0.9778777172811468,1.0514032919667338
vl,verylow,VLLO,2009,0.6879464998676191,0.7702703655986523,0.8348426630715403,0.8869688676425717,0.935783516090996,0.9968116409576128,1.0886716102424072
vl,verylow,VLLO,2010,0.7048314720782887,0.7958745397329436,0.8625605837597337,0.9152907068216288,0.9656058691077972,1.0282785701581834,1.1051771293352248
vl,verylow,VLLO,2011,0.7124287294812347,0.8182374005304803,0.8875402457193095,0.9417428009821116,0.9882639805999216,1.0559857455818649,1.1344913890601362
vl,verylow,VLLO,2012,0.748437838668243,0.8496464787862038,0.9061524851078726,0.9604239079877112,1.014333564654006,1.0728196780067634,1.1572421634147505
vl,verylow,VLLO,2013,0.7861113943588848,0.8605428802060382,0.9234002958536888,0.9753383656258076,1.0308847221941373,1.089436494823319,1.1719937063400323
vl,verylow,VLLO,2014,0.7938992935587745,0.901303424394812,0.9612670220605424,1.0194485064651773,1.0664961956057553,1.1283450063615488,1.2082115690425743
vl,verylow,VLLO,2015,0.824391722398946,0.9138806243649896,0.9863886821946454,1.0453646540368362,1.092553766592674,1.1539628121310856,1.2342487965494282
vl,verylow,VLLO,2016,0.8513634791586363,0.9445716772855908,1.014794531296738,1.0687442748767524,1.1202420895150047,1.1802991556944198,1.279370786686972
vl,verylow,VLLO,2017,0.8780166904420373,0.9798191150391168,1.053300744205378,1.1023134496813292,1.1572988586862727,1.2194409914066862,1.2903357752630529
vl,verylow,VLLO,2018,0.9019020836746856,1.0107412803035671,1.0773944868034873,1.1398037874701568,1.1921493497756928,1.2502072726857605,1.3322172177540064
vl,verylow,VLLO,2019,0.9344726739610626,1.0328651319264963,1.104811557431628,1.1680297181693475,1.222896674760237,1.2846047192395986,1.3664970794208564
vl,verylow,VLLO,2020,0.9525107974834284,1.0563886172549253,1.1144221242100376,1.1723967580949726,1.2298556456020284,1.290118909365553,1.387148632751225
vl,verylow,VLLO,2021,0.9715803963949274,1.080995406026514,1.1523605314605805,1.20711135653781,1.2624071628842042,1.326742384217821,1.4250871934917702
vl,verylow,VLLO,2022,0.9821187993641172,1.1015734407292668,1.1771529192979409,1.2369508081142602,1.2900899507609829,1.3636186173653275,1.4480754429514011
vl,verylow,VLLO,2023,1.0227120943354335,1.1174440008485569,1.2030092614481342,1.2679198055771563,1.3243402907015451,1.3938556047293078,1.4703677296427815
vl,verylow,VLLO,2024,1.0295706989281963,1.1330194115098176,1.2221324493672248,1.29229158348054,1.351133225110328,1.42453464139887,1.5194934136701466
vl,verylow,VLLO,2025,1.048904482306303,1.1708372872153952,1.2442486237261854,1.3230445508759845,1.3771660930968053,1.456676003421034,1.5530293464028802
vl,verylow,VLLO,2026,1.0502824776337891,1.17598591426566,1.2712124871153667,1.339878829790414,1.400219804358594,1.4915706926454388,1.599269103897876
vl,verylow,VLLO,2027,1.081883898054635,1.2027753975860995,1.2993680526152669,1.3688919658077623,1.4243862938920626,1.5117406590287834,1.6112957736343314
vl,verylow,VLLO,2028,1.1122236406085644,1.2321757974927572,1.3167635450941266,1.3988762293834938,1.4677006615668622,1.5555076598247275,1.7013449188231713
vl,verylow,VLLO,2029,1.1312042009499306,1.2565101041274709,1.351176809735908,1.4367634959228563,1.5060323601349954,1.6072249410877275,1.7452455282963135
vl,verylow,VLLO,2030,1.1548592644018807,1.287861204042746,1.3838144313389835,1.4696940734499029,1.5394352918994216,1.650101814013739,1.7883709101037524
vl,verylow,VLLO,2031,1.1703176113072111,1.3120405885659616,1.4254310574760414,1.5048816812021537,1.5872561274962216,1.709754673739771,1.844362856689581
vl,verylow,VLLO,2032,1.2010252414905624,1.3350911312883331,1.441972324820466,1.52695554959497,1.6334002324505026,1.7427050823012362,1.886478707457584
vl,verylow,VLLO,2033,1.2086312599527276,1.3472321991567249,1.4409856843790816,1.5539626288990682,1.653750830689195,1.7769922173143835,1.9396326848191692
vl,verylow,VLLO,2034,1.2449704466886675,1.3743436889542002,1.4850385559277468,1.5725218984193745,1.6665603637505455,1.806453552200924,1.9790830781809012
vl,verylow,VLLO,2035,1.23572620040907,1.3672747599488144,1.49834399408215,1.5924452680473256,1.695540491393153,1.827072264810223,2.001009759699967
vl,verylow,VLLO,2036,1.239259884608559,1.3824777979472225,1.497555231871973,1.6040291195250695,1.70453687791167,1.8437290214080797,2.022861932100596
vl,verylow,VLLO,2037,1.2402429201921958,1.3919438889120834,1.5043926393835385,1.6304881005603766,1.7318783316527282,1.8751778659242389,2.050848020973598
vl,verylow,VLLO,2038,1.270069839185433,1.395613442959633,1.512364807811321,1.63556108211765,1.7455462222180835,1.878653942997679,2.097950234680521
vl,verylow,VLLO,2039,1.246719284960456,1.403658479758727,1.5332024382455889,1.6381989768677916,1.7515060738073929,1.8997798009083375,2.099814369301342
vl,verylow,VLLO,2040,1.2615455873207246,1.405075150093744,1.5348051212697955,1.65016900201673,1.7556236422420084,1.9160355491073264,2.092113385238632
vl,verylow,VLLO,2041,1.2671517714715392,1.408129508945292,1.5301285937517863,1.6486922859051056,1.7557698251022211,1.9285103869706048,2.099498320484164
vl,verylow,VLLO,2042,1.2692338738544258,1.4046632421430072,1.5394119041936436,1.654480755769892,1.771954679317365,1.9291044241830948,2.117785562185245
vl,verylow,VLLO,2043,1.2584373293771551,1.3967798972493544,1.5372659735506222,1.6451069063017738,1.7760797993386837,1.9450727190578048,2.114547533520199
vl,verylow,VLLO,2044,1.249716172327141,1.3972207509780008,1.5393533581047882,1.6621452623808686,1.7740276405554023,1.952216535641227,2.141784992315769
vl,verylow,VLLO,2045,1.258255425117202,1.3906273490178505,1.5308317193905314,1.656831749201933,1.7869616955483576,1.96181668720524,2.1575513908824906
vl,verylow,VLLO,2046,1.228117906981553,1.394596207991465,1.5217064038952766,1.6592833444472237,1.7841557938098938,1.939831188078652,2.145586151353765
vl,verylow,VLLO,2047,1.218582568921072,1.3916901686724128,1.537046214579226,1.6562985140724555,1.7731208669336924,1.9595274832644531,2.1449066110126087
vl,verylow,VLLO,2048,1.230682559422907,1.402452522007993,1.525047080649924,1.6545194599288082,1.7792881165170344,1.9743297605872017,2.15368200929494
vl,verylow,VLLO,2049,1.2350679552064383,1.3896069542504852,1.5305435299147785,1.6538956888693508,1.7926671702365622,1.971328619397196,2.199710184850753
vl,verylow,VLLO,2050,1.2411836258154143,1.3731270976468706,1.5198933238147532,1.6586570936831573,1.7810394204855904,1.974570735559146,2.217127096580148
vl,verylow,VLLO,2051,1.2286018916332695,1.3654383244914226,1.5191495422040118,1.6661745991575083,1.7923713395645695,1.9836629433601685,2.2091138491107416
vl,verylow,VLLO,2052,1.228802067411984,1.3682074975730127,1.5071398198285733,1.6552612159247475,1.7896277984267197,1.975020335891839,2.215571125303331
vl,verylow,VLLO,2053,1.223476605028261,1.3721482511914735,1.5161911293522743,1.6499152615988597,1.773553047071411,1.977474028384325,2.211966435930662
vl,verylow,VLLO,2054,1.1898593789619,1.3665228378154324,1.506473758586049,1.6488255200900224,1.7750017369451672,1.9587858907936129,2.195574953492394
vl,verylow,VLLO,2055,1.2019576125065918,1.3359021995545262,1.4989526587464228,1.6489241230508611,1.7834050182529264,1.9592087869372288,2.1853930646765374
vl,verylow,VLLO,2056,1.1777870272429372,1.3355984010926718,1.4837397753346069,1.6312905777749591,1.775665541939661,1.9663079040241056,2.215712748125541
vl,verylow,VLLO,2057,1.1924489720370934,1.33776869697627,1.4757098995944269,1.6386236045240044,1.7744334458118354,1.98142388621338,2.216397358721369
vl,verylow,VLLO,2058,1.184434146845608,1.321575960761138,1.4741716937060876,1.636222868661858,1.7772760761745592,1.976313185702157,2.227017942511799
vl,verylow,VLLO,2059,1.1850818552561295,1.3186139291607348,1.4683100048551392,1.6135080778959687,1.7797222877495624,1.9677764243743072,2.223953507784913
vl,verylow,VLLO,2060,1.159901139407415,1.324660061837779,1.4659169832372931,1.6116070962473843,1.7605564091354542,1.957260003220979,2.209840048374518
vl,verylow,VLLO,2061,1.1540387481488674,1.322368494177154,1.4676727311438231,1.6075178292718928,1.7475555866793069,1.9535880991237968,2.215353838976797
vl,verylow,VLLO,2062,1.1479500299072478,1.3155233176613923,1.4641504169781476,1.6038922632643489,1.742731894578328,1.9500363450870808,2.1799828931835
vl,verylow,VLLO,2063,1.155519940309841,1.304503492161262,1.4539250884312658,1.599463150557993,1.7292947002714043,1.946727225581953,2.194352352472406
vl,verylow,VLLO,2064,1.145408105172279,1.3010871658664096,1.4348482824317434,1.599311103029626,1.732642177663974,1.9426945711207504,2.221145826163065
vl,verylow,VLLO,2065,1.1401768930433434,1.2851204984927873,1.4295985884266575,1.5956517760585749,1.7336871393840387,1.9426716019291503,2.206208023603345
vl,verylow,VLLO,2066,1.1288387745215518,1.2771536277954774,1.4208905376822674,1.5721221819364175,1.7173386836450473,1.917290268598367,2.1978445227351537
vl,verylow,VLLO,2067,1.1151902728102874,1.28418157505379,1.4241686297378875,1.5725974721078104,1.7191252031740507,1.929033699313832,2.20608691656645
vl,verylow,VLLO,2068,1.1418417471150415,1.269720396794542,1.4007733864169674,1.5648110816632586,1.7295514297567585,1.9228661768383408,2.213433671201643
vl,verylow,VLLO,2069,1.1283212507874472,1.2609375703748906,1.4076571138283018,1.553122176009181,1.737123722261062,1.9130763932695871,2.180338641653352
vl,verylow,VLLO,2070,1.0906742200428294,1.2699589863488925,1.4182199141023404,1.5619783627285386,1.7111419133439727,1.905058290512863,2.2002739508203257
vl,verylow,VLLO,2071,1.0806223995489703,1.2373887691841243,1.4035410641475448,1.560111741101088,1.707959802113478,1.926406079211994,2.1810678958989778
vl,verylow,VLLO,2072,1.0950989531545203,1.253441374466479,1.397746870646545,1.549355074659759,1.7016171166879517,1.9210581759033432,2.1969014170358654
vl,verylow,VLLO,2073,1.0706922568549122,1.2369149261775416,1.3928261145498746,1.5344695798963135,1.7134481062880058,1.909300884321809,2.2045445269217
vl,verylow,VLLO,2074,1.071663438454503,1.231471433716974,1.3843581564835865,1.537317548901691,1.7082966327465074,1.9225446763957383,2.204235695994243
vl,verylow,VLLO,2075,1.0662949114410756,1.2354311780775216,1.3767121203254835,1.541150542985124,1.7295848492200716,1.9097337679979185,2.2062492271261567
vl,verylow,VLLO,2076,1.0532732756034802,1.2239343518283712,1.3892482161727024,1.538800398211545,1.7020508712383873,1.9204033904423927,2.192119581953564
vl,verylow,VLLO,2077,1.0756496423805904,1.224676310156951,1.3750531444242744,1.527359968916376,1.6878028006690808,1.9026380529008524,2.189053284566755
vl,verylow,VLLO,2078,1.0925790735496808,1.2325137858968458,1.3613447203645503,1.5280768072522206,1.68320295837584,1.880430565945136,2.203661562999934
vl,verylow,VLLO,2079,1.0593539540695862,1.2250357302875772,1.3590767967480704,1.526650555077319,1.6810808094670793,1.888051818199221,2.196572379577169
vl,verylow,VLLO,2080,1.0660874658891486,1.2023343368908797,1.3672988459038609,1.5178679121473293,1.6795165062009811,1.890332044142835,2.186744992586481
vl,verylow,VLLO,2081,1.059082929143569,1.2104379703592734,1.3668320412226105,1.5199605977747697,1.682726879761346,1.8917982728858116,2.1779568359617847
vl,verylow,VLLO,2082,1.049885012378902,1.205825211651415,1.3671279281758006,1.508792131352531,1.6790501786576155,1.912354669008273,2.194283948890411
vl,verylow,VLLO,2083,1.0369228910780308,1.199862921120216,1.3542810910581928,1.5179614477453545,1.6621878476752816,1.8913870581029464,2.184305728706386
vl,verylow,VLLO,2084,1.0327463451599244,1.2002080027496491,1.3484583758590445,1.5094102948232284,1.676534529909954,1.88681385316434,2.2113746625595945
vl,verylow,VLLO,2085,1.0305422331997385,1.196585897423843,1.347293938236873,1.5017142797097676,1.6714398812481954,1.895404826055344,2.2059898036834533
vl,verylow,VLLO,2086,1.0356739685117806,1.1925898351702169,1.3377885687431572,1.4993798975153572,1.6564496852105437,1.8761699174637891,2.1666975273623903
vl,verylow,VLLO,2087,1.0487575375483538,1.200250524638598,1.327130114074275,1.5007591909513045,1.6655535744714474,1.8885104535262276,2.187770782639138
vl,verylow,VLLO,2088,1.0500863212261533,1.1873707120992945,1.335004636166117,1.507891461564567,1.664711155028885,1.88569450574577,2.2042354962603428
vl,verylow,VLLO,2089,1.0268093891003816,1.189767556614146,1.3341745734119286,1.509361591503859,1.6774729410301934,1.8916724149357864,2.1847814575781315
vl,verylow,VLLO,2090,1.0368096549206591,1.1894823638118632,1.331691679811675,1.490046128093082,1.6787699744719184,1.8980663061969167,2.1931548955832723
vl,verylow,VLLO,2091,1.0084836091275546,1.1809548519368822,1.328169226362558,1.504365606582119,1.6634451620639523,1.914724153721081,2.2171103542375605
vl,verylow,VLLO,2092,1.055051320479959,1.1901068508506245,1.3219050364447926,1.4941590993089002,1.660797500124029,1.8865308478895928,2.1581301884379225
vl,verylow,VLLO,2093,1.0270083620208657,1.1859108736115624,1.3241787746829663,1.4805230802657865,1.6663607987594673,1.8982010612993727,2.210477573801396
vl,verylow,VLLO,2094,1.0110067765854471,1.1771341490498108,1.3243349778117428,1.483642360121282,1.670572434516633,1.8854806016223595,2.221256316663412
vl,verylow,VLLO,2095,1.01164044422652,1.1688482649698893,1.329246534662961,1.4789275695162711,1.6644344351366418,1.8869127761541613,2.2146980276649164
vl,verylow,VLLO,2096,1.0112969678456405,1.16341966941802,1.337770188321605,1.496317560793588,1.6617306188160212,1.899574017607315,2.2092027382324138
vl,verylow,VLLO,2097,1.021060722431381,1.1685887515949718,1.3430781744685063,1.500487465640696,1.6739157938505034,1.9035471107676123,2.2253887301489943
vl,verylow,VLLO,2098,1.012607090979025,1.17926264242069,1.336040069635435,1.4969694366868345,1.6601134854224158,1.8971463685562973,2.24886831199914
vl,verylow,VLLO,2099,1.0114712272658226,1.1695898469536987,1.3237897576008402,1.4835216727036782,1.6640624794401857,1.928538642832324,2.204335253477232
vl,verylow,VLLO,2100,0.9959589607638876,1.162804326578615,1.3254144405815318,1.5032325413551255,1.6514416130101293,1.890536593109696,2.1901819461319496
