year,m1,m2,m3,m4,m5,m6,m7,m8,m9,m10,m11
1850,2.940042,2.941631,2.922915,2.924739,2.904991,2.944481,2.926438,2.929087,2.945857,2.915823,2.933692
1851,2.961686,2.912526,2.945370,2.931210,2.914147,2.927527,2.921285,2.939889,2.929442,2.950496,2.952811
1852,2.933086,2.931287,2.949202,2.907920,2.933072,2.923283,2.947877,2.930570,2.944320,2.916550,2.958960
1853,2.958486,2.915698,2.933168,2.944847,2.924180,2.894250,2.915132,2.919439,2.942657,2.938278,2.906514
1854,2.920679,2.921564,2.939793,2.915003,2.934159,2.901882,2.933522,2.887340,2.949919,2.921601,2.931510
1855,2.925027,2.956812,2.935205,2.951757,2.954599,2.916411,2.938332,2.969087,2.942779,2.950320,2.924145
1856,2.954630,2.936146,2.915959,2.923515,2.946123,2.952731,2.930142,2.917942,2.924610,2.915459,2.957825
1857,2.908628,2.944319,2.949997,2.930217,2.909550,2.957294,2.924071,2.923794,2.951974,2.923797,2.914828
1858,2.949065,2.935048,2.953442,2.936487,2.902689,2.911143,2.923196,2.938949,2.915925,2.900290,2.939962
1859,2.942794,2.949652,2.921457,2.898884,2.912124,2.930525,2.942862,2.928848,2.897329,2.925027,2.917797
1860,2.943391,2.948761,2.937158,2.945790,2.926667,2.925489,2.936700,2.923210,2.930657,2.945022,2.947728
1861,2.931348,2.897049,2.950896,2.933208,2.924700,2.928035,2.939006,2.935271,2.930417,2.930406,2.947179
1862,2.914159,2.896590,2.919962,2.923864,2.906854,2.938442,2.941096,2.939777,2.911427,2.921638,2.932075
1863,2.930591,2.969427,2.933741,2.954547,2.902680,2.938924,2.937218,2.949569,2.925643,2.951606,2.918454
1864,2.919388,2.943419,2.934207,2.948932,2.920408,2.940681,2.956115,2.930701,2.937648,2.937097,2.967635
1865,2.926954,2.950491,2.939904,2.888811,2.943019,2.935372,2.947227,2.940614,2.925760,2.933441,2.938163
1866,2.948179,2.919381,2.925699,2.901031,2.942213,2.937651,2.926122,2.914472,2.942567,2.947841,2.913211
1867,2.936499,2.909448,2.940054,2.959893,2.935410,2.920829,2.969724,2.910358,2.941335,2.926072,2.922246
1868,2.935545,2.955305,2.928538,2.938958,2.924857,2.953338,2.944667,2.921170,2.959586,2.954966,2.930296
1869,2.928174,2.918953,2.935124,2.906887,2.935758,2.941339,2.915469,2.917612,2.914208,2.950407,2.976391
1870,2.940956,2.934751,2.951661,2.925673,2.942378,2.920483,2.911828,2.933501,2.919471,2.924614,2.942302
1871,2.942330,2.938928,2.941491,2.947732,2.938098,2.924254,2.921852,2.910660,2.946239,2.947439,2.947506
1872,2.951638,2.918800,2.908028,2.926993,2.946329,2.938190,2.960278,2.958794,2.940627,2.925595,2.946017
1873,2.918614,2.944731,2.922528,2.928852,2.928723,2.918193,2.941959,2.940465,2.911058,2.910929,2.938741
1874,2.955109,2.951378,2.949526,2.933148,2.921714,2.934761,2.932175,2.939776,2.932066,2.946615,2.934444
1875,2.937749,2.919098,2.923881,2.936799,2.933827,2.928215,2.935750,2.946944,2.934643,2.942668,2.909591
1876,2.934661,2.939822,2.924549,2.918899,2.916534,2.919206,2.926485,2.930570,2.938862,2.925329,2.928106
1877,2.902040,2.937741,2.939679,2.957636,2.945593,2.939349,2.959554,2.946825,2.937727,2.933368,2.961453
1878,2.913876,2.914854,2.908887,2.922400,2.961623,2.912423,2.961138,2.942484,2.918101,2.907653,2.966068
1879,2.958446,2.935053,2.913326,2.923049,2.929671,2.941127,2.932050,2.938981,2.937699,2.944047,2.919598
1880,2.931838,2.910697,2.919205,2.958213,2.944238,2.939675,2.965189,2.895224,2.915840,2.937232,2.947897
1881,2.928243,2.925887,2.920927,2.923107,2.987949,2.935631,2.933842,2.914552,2.945340,2.945195,2.904675
1882,2.932229,2.914310,2.929642,2.949128,2.921962,2.959375,2.911201,2.949287,2.922439,2.949652,2.904959
1883,2.965526,2.920583,2.944997,2.912123,2.901390,2.913987,2.944933,2.932929,2.947971,2.923981,2.936396
1884,2.921228,2.909727,2.940754,2.930665,2.943001,2.968007,2.938773,2.952045,2.930551,2.947511,2.945955
1885,2.910946,2.920601,2.943456,2.943113,2.945972,2.928773,2.909957,2.915057,2.955078,2.906205,2.912449
1886,2.911863,2.923963,2.932855,2.891584,2.901938,2.914638,2.920391,2.916362,2.905587,2.910200,2.932335
1887,2.894859,2.944021,2.942494,2.902990,2.952526,2.931530,2.909694,2.930906,2.950959,2.916207,2.943432
1888,2.921872,2.932254,2.923293,2.943745,2.917867,2.907158,2.929357,2.915815,2.923081,2.908396,2.952868
1889,2.913337,2.900563,2.928023,2.918992,2.935890,2.946487,2.930544,2.920202,2.969867,2.910411,2.912658
1890,2.938922,2.909870,2.931009,2.916144,2.924964,2.915522,2.907624,2.897869,2.904099,2.947556,2.925196
1891,2.900441,2.929009,2.894305,2.936977,2.920900,2.932796,2.939896,2.884323,2.938653,2.944898,2.915241
1892,2.944564,2.934086,2.937008,2.920497,2.938338,2.942366,2.936353,2.946162,2.906445,2.923533,2.913233
1893,2.922741,2.938108,2.917432,2.907741,2.905420,2.889054,2.963165,2.909367,2.918640,2.933384,2.908918
1894,2.937058,2.903657,2.911150,2.917450,2.909965,2.898355,2.932470,2.897160,2.930925,2.907208,2.914206
1895,2.910524,2.917270,2.943886,2.936807,2.922862,2.915128,2.899575,2.933135,2.925317,2.935369,2.916596
1896,2.919280,2.918402,2.924762,2.927027,2.911827,2.919641,2.940254,2.912474,2.930327,2.905091,2.924818
1897,2.924390,2.940740,2.924696,2.892506,2.898639,2.912846,2.942285,2.938573,2.900901,2.941837,2.922308
1898,2.928037,2.934170,2.908094,2.924194,2.917412,2.915595,2.924598,2.931342,2.897455,2.954180,2.936053
1899,2.903383,2.932180,2.915735,2.933797,2.930802,2.922855,2.960604,2.915607,2.912127,2.900329,2.959054
1900,2.883259,2.941415,2.908004,2.905496,2.939950,2.933565,2.898224,2.953896,2.962620,2.947918,2.909388
1901,2.925861,2.954445,2.920440,2.907752,2.931298,2.934682,2.919804,2.910806,2.924418,2.898990,2.935332
1902,2.919276,2.923378,2.913802,2.927249,2.924931,2.942070,2.908204,2.920560,2.917620,2.929296,2.940681
1903,2.938207,2.938029,2.931831,2.946753,2.926168,2.920704,2.917756,2.896848,2.919592,2.929236,2.935887
1904,2.911752,2.886249,2.933369,2.917492,2.938792,2.905531,2.905231,2.912625,2.919415,2.913954,2.929771
1905,2.939442,2.939287,2.922419,2.918682,2.924131,2.944350,2.897597,2.934495,2.907848,2.932531,2.914593
1906,2.887849,2.903620,2.922270,2.926654,2.898700,2.906866,2.910537,2.924647,2.918644,2.933034,2.917169
1907,2.920969,2.940724,2.877253,2.902380,2.933475,2.914221,2.936785,2.912617,2.890831,2.919015,2.890592
1908,2.879406,2.881768,2.920769,2.901426,2.929556,2.906121,2.915968,2.916945,2.913412,2.912369,2.939630
1909,2.926170,2.942289,2.907103,2.956215,2.911938,2.911037,2.929964,2.908786,2.907984,2.902757,2.931299
1910,2.914364,2.964234,2.916665,2.917667,2.884722,2.887916,2.903380,2.888690,2.909682,2.912444,2.918496
1911,2.934067,2.910336,2.909782,2.900767,2.904617,2.913394,2.894451,2.894492,2.917745,2.900800,2.895824
1912,2.928398,2.903847,2.900283,2.920660,2.920004,2.920496,2.944258,2.957032,2.925765,2.908721,2.930612
1913,2.906488,2.912307,2.941703,2.915846,2.926823,2.907629,2.925322,2.914989,2.942545,2.917669,2.916896
1914,2.924642,2.902226,2.935292,2.890827,2.913089,2.943655,2.930118,2.913360,2.931590,2.930236,2.921465
1915,2.921461,2.904435,2.938716,2.854192,2.933867,2.952571,2.924821,2.903348,2.888908,2.890723,2.898660
1916,2.928407,2.917498,2.916704,2.903594,2.940190,2.900371,2.913956,2.905805,2.912548,2.929553,2.913162
1917,2.901125,2.939475,2.897617,2.921466,2.933577,2.898471,2.950829,2.912043,2.938194,2.895237,2.902475
1918,2.903691,2.911973,2.927396,2.912485,2.920677,2.915938,2.899201,2.920424,2.919980,2.945726,2.920622
1919,2.904736,2.916687,2.927218,2.923926,2.898321,2.913891,2.925159,2.925706,2.930849,2.912434,2.895715
1920,2.927274,2.886447,2.899067,2.903477,2.899919,2.924400,2.943453,2.907693,2.935138,2.892528,2.884850
1921,2.900884,2.940777,2.913498,2.891788,2.903287,2.887386,2.916720,2.884108,2.889897,2.911117,2.903594
1922,2.888012,2.911847,2.916385,2.892423,2.914548,2.891826,2.920862,2.938732,2.926306,2.900962,2.925401
1923,2.922865,2.900890,2.931138,2.894835,2.902654,2.919997,2.894307,2.915694,2.942855,2.930252,2.923653
1924,2.911729,2.921461,2.924134,2.936558,2.911150,2.901963,2.903142,2.905509,2.923401,2.928742,2.924091
1925,2.891910,2.906320,2.943973,2.882652,2.892033,2.940350,2.889886,2.911829,2.929705,2.909689,2.877113
1926,2.928297,2.922976,2.951131,2.929420,2.904648,2.910496,2.908544,2.916637,2.890094,2.935017,2.909476
1927,2.932381,2.911613,2.933122,2.932321,2.906761,2.904309,2.929831,2.934415,2.888891,2.918964,2.902853
1928,2.933385,2.946507,2.908407,2.906011,2.931102,2.925309,2.908634,2.912116,2.944149,2.920573,2.923897
1929,2.873097,2.916267,2.885991,2.909255,2.917002,2.915610,2.896039,2.904610,2.903871,2.909907,2.924562
1930,2.937272,2.901803,2.888831,2.902285,2.941575,2.917246,2.902734,2.889506,2.922789,2.898709,2.900658
1931,2.906407,2.921743,2.917528,2.897607,2.909762,2.921868,2.906425,2.882024,2.914424,2.902787,2.926525
1932,2.900427,2.908692,2.918026,2.919371,2.895031,2.924000,2.913987,2.934255,2.902622,2.902540,2.887181
1933,2.910439,2.895902,2.929477,2.948078,2.921733,2.924522,2.923479,2.934417,2.900280,2.912201,2.893244
1934,2.894971,2.883335,2.886789,2.926389,2.905554,2.911625,2.905665,2.909345,2.915826,2.888132,2.896957
1935,2.909997,2.912865,2.923686,2.920745,2.886124,2.917356,2.899844,2.905854,2.931011,2.903412,2.934689
1936,2.935516,2.907022,2.910983,2.903802,2.919540,2.921672,2.918378,2.935441,2.890815,2.895463,2.922778
1937,2.909661,2.906045,2.904818,2.906054,2.927193,2.931027,2.909322,2.907764,2.928806,2.920263,2.912190
1938,2.911168,2.886301,2.943180,2.924479,2.908249,2.898631,2.922095,2.897845,2.887407,2.898779,2.919982
1939,2.931244,2.918910,2.931923,2.922874,2.895734,2.918013,2.900935,2.898644,2.918964,2.900838,2.922447
1940,2.923611,2.905952,2.913412,2.914992,2.917989,2.904426,2.887723,2.889595,2.908937,2.915221,2.947631
1941,2.893143,2.917814,2.916934,2.910143,2.914918,2.912254,2.894304,2.926589,2.890545,2.908278,2.898519
1942,2.908525,2.882122,2.916461,2.914242,2.896815,2.903897,2.904889,2.939767,2.924100,2.898311,2.887359
1943,2.921083,2.906120,2.893641,2.916746,2.907133,2.920688,2.900598,2.921595,2.914342,2.902876,2.932002
1944,2.904958,2.906791,2.898950,2.911072,2.907509,2.896186,2.928333,2.911876,2.921299,2.887122,2.923479
1945,2.884668,2.932048,2.909416,2.910535,2.899652,2.931631,2.921566,2.895237,2.928567,2.933825,2.876690
1946,2.903028,2.887276,2.896739,2.909454,2.903638,2.913026,2.910543,2.913984,2.918660,2.910970,2.918841
1947,2.874328,2.935981,2.907463,2.879783,2.914995,2.911759,2.892937,2.902780,2.918056,2.897304,2.922988
1948,2.912592,2.883736,2.898470,2.916983,2.914732,2.880530,2.935724,2.924674,2.917384,2.906700,2.907187
1949,2.863199,2.881805,2.906160,2.891386,2.899598,2.913382,2.924790,2.892735,2.914418,2.891748,2.890336
1950,2.899011,2.892677,2.899916,2.906297,2.899824,2.887209,2.905286,2.908107,2.904929,2.905711,2.911811
1951,2.918729,2.890505,2.864543,2.871293,2.897679,2.942524,2.942034,2.920876,2.924531,2.883529,2.915670
1952,2.873646,2.928599,2.884318,2.902786,2.928496,2.904992,2.901732,2.888087,2.914507,2.908459,2.871204
1953,2.893477,2.889688,2.906751,2.910401,2.892693,2.904028,2.925029,2.908053,2.899418,2.908019,2.904180
1954,2.873356,2.881822,2.887063,2.896077,2.887038,2.916148,2.895262,2.912845,2.876171,2.913082,2.905073
1955,2.915698,2.898242,2.920164,2.902963,2.892543,2.917452,2.897186,2.925824,2.881040,2.901640,2.888166
1956,2.885685,2.908383,2.885789,2.908326,2.897845,2.866848,2.888066,2.913331,2.905911,2.899103,2.898297
1957,2.898727,2.881455,2.869620,2.885422,2.887277,2.883960,2.886181,2.922526,2.885133,2.877462,2.916431
1958,2.918911,2.891628,2.889097,2.882039,2.883314,2.885647,2.879628,2.894934,2.895103,2.872880,2.872754
1959,2.917647,2.896857,2.904291,2.899526,2.889801,2.913013,2.874530,2.860203,2.876727,2.887337,2.881785
1960,2.890811,2.858950,2.875505,2.904657,2.885858,2.917109,2.871831,2.911979,2.911153,2.895400,2.880914
1961,2.896820,2.879440,2.898819,2.903224,2.901227,2.889848,2.879720,2.858709,2.896776,2.879671,2.911950
1962,2.896882,2.922996,2.897389,2.878773,2.881805,2.894028,2.885991,2.883503,2.865914,2.931340,2.910290
1963,2.900307,2.887119,2.897455,2.901785,2.865154,2.888102,2.869005,2.878870,2.890524,2.878030,2.866806
1964,2.864822,2.880856,2.893710,2.876474,2.889725,2.894757,2.907594,2.912616,2.899534,2.873111,2.849719
1965,2.892348,2.888797,2.865224,2.889836,2.862662,2.870116,2.896887,2.889616,2.875745,2.873142,2.921541
1966,2.886445,2.884827,2.877580,2.908500,2.890472,2.876835,2.878978,2.894428,2.877561,2.898034,2.907682
1967,2.875848,2.905213,2.872421,2.902281,2.892466,2.880419,2.850592,2.911419,2.873173,2.907662,2.881633
1968,2.885010,2.900332,2.894882,2.891844,2.877488,2.879065,2.860216,2.900133,2.884073,2.896297,2.898231
1969,2.882838,2.901105,2.866290,2.873610,2.891318,2.895146,2.883845,2.902707,2.889558,2.906347,2.858010
1970,2.908124,2.875561,2.881969,2.877531,2.900168,2.889505,2.841304,2.869841,2.867817,2.879312,2.873537
1971,2.875456,2.865732,2.893221,2.884883,2.901371,2.875524,2.906407,2.885241,2.854996,2.883136,2.867202
1972,2.891868,2.866757,2.870373,2.903556,2.874955,2.857360,2.886368,2.863007,2.888790,2.834940,2.920389
1973,2.853701,2.875603,2.878556,2.849955,2.886173,2.906247,2.881003,2.886282,2.834805,2.863449,2.870538
1974,2.877001,2.869313,2.850287,2.903625,2.887885,2.868749,2.887462,2.839882,2.887500,2.895920,2.857343
1975,2.854737,2.863280,2.862358,2.886327,2.862053,2.871607,2.895458,2.893669,2.875629,2.854519,2.866011
1976,2.893943,2.883144,2.900683,2.871501,2.859882,2.875711,2.867501,2.883156,2.855477,2.878300,2.902243
1977,2.858902,2.861774,2.926541,2.861823,2.870669,2.859856,2.870106,2.875656,2.843557,2.897673,2.910324
1978,2.897397,2.841698,2.878297,2.893602,2.827650,2.843902,2.877129,2.884046,2.837732,2.871337,2.892523
1979,2.869389,2.870728,2.852744,2.840976,2.853507,2.890719,2.864265,2.898453,2.876251,2.860809,2.876371
1980,2.872136,2.895461,2.845268,2.871767,2.863227,2.868761,2.870915,2.848997,2.885335,2.890555,2.892268
1981,2.871811,2.893224,2.850562,2.868265,2.865562,2.865519,2.880183,2.852187,2.857869,2.848500,2.877229
1982,2.896396,2.861831,2.874263,2.867720,2.876355,2.870413,2.848834,2.835225,2.882437,2.863156,2.828879
1983,2.858290,2.833278,2.891528,2.867618,2.855642,2.858398,2.882732,2.841465,2.858632,2.869010,2.874401
1984,2.880052,2.845481,2.863010,2.894764,2.835226,2.854041,2.864433,2.883310,2.875734,2.864624,2.843856
1985,2.851288,2.889811,2.873104,2.886995,2.870331,2.878872,2.849933,2.875481,2.848576,2.896083,2.851885
1986,2.871692,2.849278,2.863292,2.851355,2.871039,2.878449,2.881422,2.890739,2.857154,2.875031,2.891362
1987,2.856536,2.872520,2.859408,2.851791,2.880684,2.844450,2.873358,2.863876,2.883983,2.832107,2.888274
1988,2.867857,2.852035,2.896865,2.875598,2.836153,2.861198,2.862777,2.862036,2.862986,2.891792,2.882633
1989,2.879137,2.879725,2.858271,2.857970,2.863727,2.892812,2.858746,2.913826,2.863974,2.866060,2.860734
1990,2.844967,2.875692,2.866884,2.872920,2.845596,2.863346,2.848370,2.885011,2.858066,2.858323,2.877150
1991,2.858278,2.889013,2.844925,2.863994,2.856449,2.857456,2.878196,2.870094,2.881423,2.867283,2.861683
1992,2.830200,2.836024,2.849928,2.850526,2.846366,2.880867,2.861951,2.881758,2.860040,2.838119,2.849793
1993,2.874924,2.874461,2.865873,2.846766,2.868113,2.851065,2.863208,2.837502,2.846425,2.870491,2.864711
1994,2.821329,2.879036,2.876050,2.844003,2.850500,2.845838,2.845720,2.861699,2.853581,2.866541,2.846301
1995,2.842383,2.828032,2.867176,2.841353,2.873089,2.848507,2.881927,2.842289,2.870544,2.849575,2.888549
1996,2.883024,2.859785,2.867812,2.876632,2.869102,2.880371,2.851634,2.846383,2.863180,2.843096,2.883339
1997,2.849319,2.862209,2.856783,2.875526,2.848165,2.878788,2.844463,2.842650,2.837242,2.888457,2.834095
1998,2.870646,2.853640,2.845883,2.880791,2.814942,2.837158,2.870962,2.839610,2.854219,2.840803,2.848124
1999,2.861778,2.840720,2.870132,2.880606,2.874539,2.844634,2.826655,2.893991,2.870248,2.873832,2.848003
2000,2.884936,2.888430,2.856809,2.862397,2.878227,2.855446,2.868119,2.872061,2.871846,2.848160,2.845412
2001,2.841418,2.866008,2.862520,2.839448,2.876880,2.845889,2.845627,2.876039,2.870987,2.869513,2.864761
2002,2.827036,2.860343,2.831650,2.838740,2.864103,2.851505,2.847835,2.868609,2.850268,2.893790,2.862428
2003,2.851192,2.862135,2.833275,2.884929,2.867818,2.861870,2.859297,2.834400,2.882297,2.850040,2.847848
2004,2.873356,2.850291,2.866294,2.859968,2.845261,2.848187,2.837700,2.860546,2.868388,2.843370,2.857628
2005,2.841773,2.833445,2.848236,2.829342,2.842407,2.846134,2.856491,2.843645,2.863328,2.847758,2.846361
2006,2.837541,2.822304,2.861969,2.847740,2.869220,2.832849,2.859004,2.841452,2.866108,2.862382,2.852231
2007,2.851580,2.859725,2.833757,2.846316,2.869547,2.887748,2.846068,2.833600,2.831699,2.846322,2.865450
2008,2.841231,2.845604,2.868757,2.831221,2.860116,2.868458,2.873908,2.867464,2.838513,2.866032,2.852973
2009,2.846257,2.846033,2.844223,2.883017,2.830522,2.833343,2.877054,2.862116,2.859287,2.844497,2.841175
2010,2.841486,2.839332,2.827170,2.843445,2.878370,2.878786,2.881187,2.858906,2.860208,2.817427,2.878150
2011,2.838472,2.834158,2.832985,2.856075,2.858074,2.843412,2.864042,2.865119,2.847983,2.848342,2.851830
2012,2.845916,2.853027,2.833651,2.854305,2.862787,2.847959,2.848182,2.844650,2.852419,2.843488,2.858033
2013,2.875251,2.858463,2.860461,2.845153,2.841591,2.851272,2.866246,2.842763,2.846525,2.874752,2.852693
2014,2.852995,2.853288,2.826472,2.854750,2.843678,2.838914,2.841682,2.868707,2.857335,2.821468,2.843192
2015,2.840121,2.873438,2.848493,2.862056,2.840736,2.854746,2.837908,2.856857,2.862328,2.867297,2.865313
2016,2.843978,2.839308,2.862549,2.845968,2.847645,2.845941,2.835955,2.837895,2.866485,2.844656,2.862156
2017,2.875219,2.857930,2.802541,2.864007,2.825234,2.878937,2.844750,2.826908,2.855579,2.845847,2.839452
2018,2.867636,2.863461,2.846168,2.847060,2.869921,2.860085,2.880527,2.857672,2.853579,2.860689,2.873664
2019,2.828739,2.838530,2.843285,2.872401,2.864791,2.855585,2.869031,2.869851,2.860332,2.842145,2.857301
2020,2.859884,2.869890,2.843957,2.846508,2.869096,2.844131,2.860511,2.863101,2.828806,2.850210,2.830373
2021,2.816701,2.833445,2.878546,2.854844,2.858614,2.838256,2.847542,2.837584,2.842494,2.844942,2.824959
2022,2.845774,2.854484,2.875653,2.836492,2.825367,2.864912,2.832661,2.848125,2.836116,2.846264,2.836630
2023,2.845537,2.840709,2.884845,2.844944,2.861316,2.836451,2.869063,2.851447,2.840228,2.863512,2.880232
2024,2.832638,2.819639,2.892811,2.838607,2.885285,2.823108,2.820925,2.857787,2.864609,2.849312,2.852087
2025,2.842929,2.820065,2.864117,2.837543,2.858615,2.851278,2.847007,2.857957,2.853025,2.842303,2.843976
2026,2.852596,2.873028,2.860961,2.842214,2.862457,2.818985,2.865002,2.866572,2.872431,2.861971,2.827290
2027,2.839997,2.865341,2.816713,2.852021,2.854087,2.852212,2.831972,2.847911,2.858836,2.851240,2.848461
2028,2.833508,2.846117,2.871533,2.857066,2.888499,2.835542,2.843525,2.835562,2.829017,2.850185,2.863289
2029,2.855071,2.834342,2.809132,2.824549,2.858510,2.875495,2.839865,2.842628,2.882156,2.871205,2.849702
2030,2.870257,2.860309,2.845095,2.841420,2.851033,2.854662,2.862959,2.851396,2.869924,2.881645,2.814157
2031,2.829519,2.835137,2.860347,2.850356,2.861407,2.811556,2.826049,2.862563,2.833552,2.825785,2.834428
2032,2.874935,2.832856,2.862263,2.841087,2.856658,2.830462,2.837063,2.830921,2.846213,2.849685,2.863378
2033,2.851942,2.854280,2.839647,2.856434,2.887863,2.855421,2.879046,2.865156,2.827370,2.836726,2.843203
2034,2.838474,2.864752,2.819313,2.846300,2.866203,2.844058,2.818646,2.858907,2.857217,2.842483,2.856400
2035,2.817379,2.839522,2.855103,2.827291,2.882792,2.873058,2.834471,2.854433,2.842189,2.870174,2.857251
2036,2.832771,2.831906,2.823440,2.866976,2.856382,2.838326,2.849509,2.847953,2.832274,2.865046,2.841069
2037,2.873307,2.845446,2.819208,2.849792,2.839821,2.830709,2.837136,2.847839,2.855538,2.828225,2.817712
2038,2.845602,2.837339,2.870188,2.850069,2.875632,2.845953,2.846436,2.855609,2.868457,2.846497,2.854141
2039,2.852721,2.872676,2.835705,2.839231,2.851070,2.858618,2.842671,2.894947,2.839801,2.830562,2.828588
2040,2.819655,2.833419,2.856605,2.866638,2.830446,2.834639,2.844026,2.852372,2.821009,2.844683,2.831389
2041,2.857424,2.842413,2.861732,2.836691,2.843869,2.872093,2.859249,2.856468,2.844991,2.847100,2.863587
2042,2.844591,2.861948,2.836589,2.827543,2.826124,2.846176,2.845572,2.836372,2.845698,2.856260,2.860903
2043,2.835555,2.835240,2.865722,2.834449,2.861328,2.842911,2.860598,2.852213,2.837537,2.869831,2.835768
2044,2.859329,2.839871,2.837714,2.885438,2.863017,2.823698,2.849930,2.856701,2.845200,2.838965,2.830090
2045,2.840840,2.847339,2.860321,2.844988,2.865607,2.871362,2.838112,2.834055,2.842378,2.845870,2.827782
2046,2.854631,2.847603,2.854303,2.816142,2.832765,2.841254,2.854306,2.863626,2.821633,2.866240,2.830566
2047,2.880485,2.869380,2.863484,2.845847,2.820619,2.833793,2.830122,2.836712,2.850584,2.830130,2.840061
2048,2.858087,2.831542,2.838269,2.860430,2.850504,2.841395,2.844639,2.839188,2.849589,2.848448,2.866010
2049,2.834610,2.834070,2.845483,2.858637,2.845023,2.858145,2.853896,2.867037,2.831616,2.851086,2.861510
2050,2.858391,2.837038,2.856078,2.815272,2.813656,2.849835,2.833247,2.849109,2.866468,2.831284,2.819770
