year,m1,m2,m3,m4,m5,m6
1850,2.945365,2.943009,2.927814,2.929104,2.909865,2.950565
1851,2.965756,2.917146,2.950152,2.936081,2.918319,2.932623
1852,2.937510,2.935410,2.954280,2.912135,2.937423,2.928484
1853,2.962164,2.919012,2.937544,2.948845,2.928700,2.898392
1854,2.925171,2.925277,2.943984,2.919043,2.939489,2.906213
1855,2.929588,2.960729,2.938533,2.956554,2.959447,2.920061
1856,2.959165,2.940398,2.919908,2.928324,2.950129,2.956908
1857,2.912075,2.948386,2.953550,2.933924,2.913136,2.960212
1858,2.952769,2.937899,2.956953,2.940044,2.906029,2.914634
1859,2.946180,2.953827,2.924750,2.902764,2.915230,2.933860
1860,2.946891,2.951951,2.940163,2.949753,2.930242,2.929039
1861,2.935983,2.899939,2.954306,2.935557,2.927998,2.931217
1862,2.916665,2.899442,2.922772,2.926772,2.909509,2.941778
1863,2.933673,2.971183,2.937613,2.956850,2.905471,2.941511
1864,2.922591,2.945484,2.937285,2.951082,2.924045,2.943962
1865,2.931499,2.952502,2.941825,2.893527,2.945444,2.938386
1866,2.951562,2.921733,2.929364,2.904345,2.945540,2.941095
1867,2.940414,2.912613,2.942351,2.962705,2.939024,2.924196
1868,2.939152,2.959156,2.932239,2.942520,2.928622,2.957382
1869,2.932028,2.923051,2.938667,2.910926,2.939589,2.944715
1870,2.943709,2.938656,2.955373,2.929203,2.946248,2.924837
1871,2.946206,2.943767,2.948010,2.952301,2.943357,2.929306
1872,2.958037,2.924655,2.913598,2.931204,2.951957,2.943381
1873,2.923691,2.948944,2.927363,2.933682,2.934838,2.924240
1874,2.959777,2.958982,2.956202,2.938321,2.926600,2.940468
1875,2.943217,2.924309,2.929591,2.943255,2.939516,2.935289
1876,2.938904,2.944550,2.929315,2.922395,2.921030,2.923320
1877,2.907598,2.943842,2.945008,2.961941,2.950419,2.944237
1878,2.919621,2.920634,2.916317,2.927617,2.965823,2.918824
1879,2.964942,2.940102,2.918817,2.930411,2.935395,2.947796
1880,2.938266,2.918144,2.925507,2.964350,2.950344,2.945504
1881,2.935424,2.934243,2.926765,2.929285,2.993235,2.943158
1882,2.940626,2.921713,2.936410,2.956808,2.929753,2.966040
1883,2.973582,2.928544,2.952402,2.919718,2.908446,2.922501
1884,2.930942,2.917133,2.948607,2.939491,2.952231,2.976356
1885,2.919669,2.930295,2.951719,2.952604,2.955825,2.937557
1886,2.921464,2.932412,2.943095,2.902327,2.910811,2.925442
1887,2.904399,2.952721,2.952674,2.912582,2.963118,2.940755
1888,2.932425,2.942587,2.933186,2.953086,2.927652,2.917282
1889,2.924239,2.911840,2.937796,2.930092,2.946754,2.956354
1890,2.950164,2.920017,2.942918,2.928085,2.935894,2.926326
1891,2.912371,2.941520,2.906833,2.953396,2.932458,2.946411
1892,2.957326,2.946021,2.948274,2.933551,2.952816,2.954901
1893,2.936406,2.951836,2.930218,2.920681,2.917907,2.900847
1894,2.950279,2.919510,2.925524,2.929999,2.924186,2.911368
1895,2.924303,2.932720,2.958472,2.952250,2.937749,2.928741
1896,2.936753,2.931929,2.938985,2.941015,2.926330,2.934835
1897,2.938526,2.955611,2.938853,2.907339,2.914286,2.927979
1898,2.944552,2.950319,2.923850,2.940360,2.931919,2.932587
1899,2.919232,2.947359,2.931474,2.949597,2.946745,2.937390
1900,2.899638,2.958288,2.925759,2.921572,2.955007,2.950023
1901,2.946473,2.972549,2.937801,2.925525,2.949764,2.952860
1902,2.936610,2.942315,2.932155,2.945338,2.943293,2.960203
1903,2.956919,2.956610,2.949852,2.966573,2.946200,2.938339
1904,2.931063,2.905993,2.953197,2.938884,2.958738,2.924750
1905,2.961361,2.960933,2.941553,2.939158,2.943481,2.965062
1906,2.909168,2.925204,2.945292,2.948980,2.919865,2.929599
1907,2.943186,2.962089,2.899351,2.926301,2.955906,2.936443
1908,2.902217,2.903827,2.949021,2.926217,2.953610,2.929401
1909,2.951889,2.970537,2.931972,2.979813,2.935802,2.934357
1910,2.944857,2.990416,2.940545,2.944513,2.910110,2.913330
1911,2.959882,2.935621,2.935407,2.927599,2.932402,2.939900
1912,2.955217,2.930374,2.926304,2.949727,2.947262,2.947195
1913,2.933040,2.938315,2.966683,2.944869,2.955012,2.934251
1914,2.954710,2.929670,2.965427,2.921050,2.940381,2.972302
1915,2.951328,2.933069,2.966547,2.883364,2.961623,2.982678
1916,2.954652,2.947100,2.944729,2.933226,2.969220,2.929041
1917,2.929692,2.971162,2.926633,2.952773,2.964086,2.927085
1918,2.933810,2.941036,2.959432,2.942451,2.948753,2.943895
1919,2.936302,2.946951,2.957255,2.953891,2.929515,2.945508
1920,2.958501,2.919625,2.930393,2.935289,2.930762,2.954846
1921,2.932164,2.972188,2.945185,2.920801,2.934050,2.917426
1922,2.917565,2.941372,2.948676,2.923885,2.942861,2.925182
1923,2.952920,2.931966,2.960426,2.923463,2.935166,2.951963
1924,2.942677,2.958121,2.955701,2.968955,2.943763,2.934084
1925,2.922707,2.939042,2.980109,2.915646,2.924982,2.972671
1926,2.961094,2.957312,2.989317,2.960930,2.937476,2.943494
1927,2.965227,2.944562,2.966735,2.965993,2.939261,2.937713
1928,2.966364,2.980624,2.942654,2.939422,2.964316,2.959672
1929,2.907697,2.951850,2.918871,2.946391,2.950468,2.950591
1930,2.971878,2.946814,2.924587,2.937554,2.976649,2.952091
1931,2.939852,2.956520,2.952966,2.934006,2.945827,2.959704
1932,2.934781,2.943122,2.952725,2.953873,2.930466,2.958245
1933,2.944986,2.929887,2.964320,2.983759,2.956120,2.959021
1934,2.929692,2.918085,2.920905,2.960934,2.938688,2.945667
1935,2.945244,2.948127,2.959644,2.956815,2.922916,2.951996
1936,2.972966,2.943233,2.949565,2.940519,2.955332,2.957432
1937,2.947527,2.942390,2.942827,2.944125,2.963896,2.970549
1938,2.949955,2.923919,2.983770,2.961193,2.946956,2.937866
1939,2.970158,2.956652,2.970271,2.965015,2.934212,2.956486
1940,2.965157,2.943904,2.951513,2.954046,2.959333,2.951084
1941,2.932898,2.955765,2.956894,2.952445,2.954997,2.953524
1942,2.951821,2.922731,2.957993,2.957486,2.936290,2.943154
1943,2.962845,2.946625,2.935592,2.958988,2.953594,2.961492
1944,2.946955,2.949414,2.941082,2.953011,2.952197,2.940549
1945,2.925612,2.974006,2.952949,2.951573,2.944037,2.974041
1946,2.947908,2.929237,2.941427,2.953487,2.947498,2.957275
1947,2.919130,2.980303,2.951207,2.922043,2.956940,2.954568
1948,2.958912,2.926925,2.944291,2.958541,2.957828,2.924044
1949,2.910244,2.928342,2.953015,2.938145,2.943891,2.957803
1950,2.947040,2.939906,2.946321,2.955286,2.945737,2.932049
1951,2.965780,2.937665,2.911005,2.917905,2.944726,2.992094
1952,2.923544,2.980029,2.931229,2.953505,2.974498,2.952532
1953,2.946334,2.941284,2.959654,2.960703,2.941756,2.956046
1954,2.925323,2.934084,2.936587,2.947756,2.936495,2.970367
1955,2.975423,2.953411,2.976412,2.957129,2.945938,2.973708
1956,2.943031,2.964447,2.945298,2.967478,2.954269,2.924850
1957,2.959228,2.939493,2.930867,2.944797,2.947266,2.940749
1958,2.978250,2.954792,2.949608,2.940947,2.945352,2.947584
1959,2.982172,2.959556,2.969052,2.964088,2.952914,2.973179
1960,2.952854,2.919193,2.937065,2.967934,2.949873,2.982884
1961,2.961558,2.941952,2.964586,2.969811,2.965105,2.954687
1962,2.965180,2.984376,2.961385,2.944993,2.946323,2.957105
1963,2.964028,2.958947,2.965927,2.967817,2.930751,2.954597
1964,2.931638,2.948525,2.960087,2.942929,2.959029,2.962196
1965,2.964186,2.959946,2.932869,2.962551,2.931163,2.941300
1966,2.954057,2.954678,2.946423,2.978771,2.957688,2.945703
1967,2.949189,2.981627,2.940551,2.976188,2.960464,2.951697
1968,2.962276,2.973710,2.967927,2.965697,2.949227,2.956881
1969,2.958903,2.974904,2.942467,2.951132,2.961638,2.968862
1970,2.986167,2.952882,2.958648,2.957756,2.979512,2.970029
1971,2.954652,2.947984,2.976092,2.963127,2.984942,2.955931
1972,2.970919,2.949033,2.953881,2.998613,2.952082,2.942587
1973,2.934733,2.958977,2.960321,2.929281,2.970528,2.995465
1974,2.960179,2.955619,2.933866,2.997865,2.971353,2.953308
1975,2.939329,2.947596,2.947430,2.975460,2.944449,2.957913
1976,2.994464,2.968786,2.986151,2.955492,2.950269,2.957737
1977,2.944097,2.947628,3.012383,2.946284,2.957786,2.946548
1978,2.989024,2.928336,2.969431,2.981912,2.922317,2.931494
1979,2.960173,2.963482,2.944123,2.929988,2.941551,2.983113
1980,2.962423,2.997589,2.942522,2.966918,2.954626,2.962689
1981,2.972045,3.000926,2.947505,2.959858,2.974242,2.961214
1982,2.998598,2.959738,2.973993,2.968072,2.977233,2.967799
1983,2.971854,2.932179,2.996159,2.966636,2.951039,2.973519
1984,2.984344,2.948078,2.964280,2.994066,2.934879,2.953065
1985,2.964431,2.994885,2.970914,2.990402,2.975144,2.984531
1986,2.976381,2.953481,2.967180,2.958326,2.978182,2.984884
1987,2.967421,2.982229,2.961911,2.957368,2.990141,2.948403
1988,2.973904,2.961479,3.008391,2.977211,2.963152,2.973453
1989,2.987326,2.994609,2.968825,2.965857,2.979671,3.003989
1990,2.955737,2.994430,2.979974,2.984914,2.962382,2.985493
1991,2.975513,3.008917,2.955521,2.977151,2.980409,2.977845
1992,2.946261,2.953828,2.969002,2.978189,2.961987,3.002792
1993,2.992992,2.995666,2.979541,2.966296,2.989081,2.972418
1994,2.939818,3.001852,2.995647,2.960809,2.976105,2.968635
1995,2.970081,2.945977,2.988170,2.961274,2.998139,2.972171
1996,3.002359,2.980342,2.990644,3.001076,2.992498,3.003752
1997,2.971407,2.981943,2.990729,2.998829,2.990688,3.007893
1998,2.992389,2.982804,2.992385,3.000360,2.937770,2.961828
1999,2.984168,2.975384,3.000610,3.010239,3.005571,2.967423
2000,3.017601,3.021458,2.984039,2.984633,3.007105,2.978686
2001,2.969213,2.995266,2.990033,2.964204,3.004024,2.974824
2002,2.958323,2.986989,2.978817,2.968800,2.998886,2.982201
2003,2.989715,2.997114,2.961695,3.021082,2.993371,2.995046
2004,3.010502,2.983324,3.003219,2.997485,2.977060,2.978506
2005,2.977463,2.962289,2.982333,2.967175,2.979311,2.994873
2006,2.973327,2.952134,3.002928,2.984143,3.005957,2.971235
2007,2.988638,3.000369,2.972632,2.988500,3.010973,3.023047
2008,2.979626,2.986628,3.006203,2.989043,3.018006,3.010653
2009,2.982617,2.999972,2.974446,3.026136,2.967474,2.969954
2010,2.978831,2.997482,2.963243,2.981893,3.029559,3.017472
2011,2.977601,2.972310,2.973194,2.993895,3.028254,2.999773
2012,2.987597,2.996019,2.974374,2.994209,3.021426,2.982456
2013,3.020578,2.999120,3.004914,2.982513,2.980576,2.992164
2014,3.003711,3.000515,2.975314,2.993915,2.989678,2.975007
2015,2.985282,3.014835,2.987072,3.008149,2.986239,3.008709
2016,2.987951,2.979345,3.010940,2.996874,2.989492,2.994179
2017,3.023996,3.012608,2.947382,3.016418,2.964136,3.028032
2018,3.015751,3.019907,2.998614,3.000122,3.017580,3.008913
2019,2.983509,2.994401,2.996014,3.032323,3.016709,3.007361
2020,3.036400,3.015648,2.990024,3.000689,3.022124,2.992449
2021,2.967528,2.995250,3.028413,3.007745,3.034259,2.987370
2022,2.992259,3.003220,3.024310,3.002510,2.987079,3.015650
2023,2.999577,2.999400,3.044334,3.016501,3.010501,2.989031
2024,2.992605,2.993746,3.043594,2.997302,3.037634,2.973717
2025,3.009742,2.964788,3.031534,2.991111,3.011785,3.006875
2026,3.028561,3.039145,3.016326,3.003574,3.021144,2.972580
2027,2.999008,3.020242,2.984547,3.005365,3.025947,3.013952
2028,2.999900,3.016195,3.030881,3.027969,3.045510,2.995149
2029,2.998244,2.995450,2.983651,2.985701,3.021241,3.041799
2030,3.032963,3.020266,3.012176,2.999620,3.007497,3.019598
2031,3.025224,3.010594,3.029459,3.022891,3.027064,2.978024
2032,3.036873,3.012872,3.035722,3.012848,3.013487,2.998293
2033,3.020056,3.024289,3.007394,3.023371,3.048192,3.020737
2034,3.004200,3.031193,2.990133,3.027226,3.051061,3.013321
2035,2.989903,3.011820,3.031728,3.002458,3.059481,3.053591
2036,3.016647,3.023790,2.995895,3.045642,3.025524,3.003141
2037,3.054865,3.049809,3.007510,3.036713,3.009789,3.003191
2038,3.016319,3.019840,3.046667,3.019736,3.054105,3.046353
2039,3.036121,3.047873,3.031699,3.012897,3.046280,3.039661
2040,3.024346,3.029412,3.042847,3.050861,3.009717,3.045412
2041,3.057633,3.012628,3.049653,3.017601,3.033588,3.062211
2042,3.027572,3.048604,3.025252,3.004848,3.004991,3.021943
2043,3.015620,3.009987,3.046931,3.029817,3.045433,3.032769
2044,3.043897,3.020527,3.021513,3.071986,3.055121,3.005023
2045,3.025308,3.033773,3.043064,3.027617,3.044683,3.060252
2046,3.043556,3.034186,3.042971,3.001066,3.022765,3.048669
2047,3.095719,3.072005,3.053063,3.036953,3.009546,3.034558
2048,3.070562,3.022593,3.055563,3.070665,3.044305,3.027975
2049,3.024911,3.037793,3.041148,3.050161,3.037965,3.057425
2050,3.049563,3.032578,3.046683,3.027165,3.004640,3.045276
