year,m1,m2,m3,m4,m5,m6,m7,m8,m9,m10
1850,14.113143,14.117831,14.012036,14.119871,14.083003,14.031414,13.921262,13.811604,14.141472,13.892758
1851,13.982482,13.818113,14.103048,14.090568,13.722593,14.256319,14.179477,14.224744,14.061121,14.115209
1852,13.932999,14.161926,14.153128,13.896592,13.919317,14.200626,14.178798,14.076440,14.036174,13.967108
1853,13.912166,14.108694,13.863243,14.046355,13.895506,13.963614,13.852554,13.845888,14.147018,14.332507
1854,13.989448,14.081022,13.827111,13.982223,14.045691,13.860664,13.923571,14.022815,14.215361,14.144826
1855,14.096042,14.225825,14.073992,14.026197,13.851182,13.850570,14.138968,14.037625,13.897601,14.114133
1856,13.992459,13.917058,13.887985,13.894809,14.055476,14.151081,13.899416,13.899252,14.119628,13.838879
1857,13.927176,14.122575,14.019402,14.048954,13.905534,14.029116,13.928347,14.177081,14.187711,14.181021
1858,14.019630,14.176109,14.166941,14.006245,13.880284,13.938595,13.808373,14.062133,14.051908,14.080014
1859,14.176825,14.073469,13.825087,13.904754,14.090471,14.143906,14.052652,14.261900,13.872081,14.109106
1860,13.940814,14.018275,14.110826,14.059877,13.907433,13.976106,14.070650,13.797453,14.048612,13.809822
1861,13.936755,13.985448,13.937830,14.167627,13.944189,14.070914,13.916357,13.930327,14.185623,13.929153
1862,13.956390,13.903001,13.922181,13.957634,13.814849,13.841172,14.220638,14.041968,13.862654,13.930691
1863,14.015609,14.087625,14.049892,14.056389,14.050042,14.192804,13.997655,13.991821,13.929292,14.234053
1864,13.728260,14.054213,14.034524,13.953151,13.923932,14.144069,14.001550,14.029524,13.960470,13.932698
1865,13.720133,14.122827,14.148370,13.974170,14.066608,13.810198,14.311076,14.160973,14.056568,14.055781
1866,14.057118,14.085613,13.769224,13.833062,13.973382,13.932558,13.951191,13.888371,13.846417,14.046885
1867,13.965261,13.762183,14.308799,14.183824,13.978767,14.253141,14.293505,14.110586,14.166082,13.679899
1868,13.869855,14.054952,13.787609,13.941657,14.176718,14.113678,14.039793,13.925170,13.954333,14.025730
1869,14.049960,13.840158,14.169304,13.746245,13.973493,14.050359,13.935636,13.845722,13.863348,14.125794
1870,14.044954,13.970744,13.959944,14.080778,14.095475,14.027716,13.817892,13.949003,13.807610,14.158683
1871,13.994228,14.076037,14.016357,13.763733,14.030981,13.844321,13.870589,14.075522,14.177821,14.002880
1872,14.071310,13.959237,13.776760,13.963723,13.996295,14.020807,14.016307,14.158365,14.089242,14.142708
1873,13.943804,14.238040,13.913805,13.855172,13.897459,13.950850,14.021272,13.854197,13.964564,13.895400
1874,14.239400,14.036334,14.034022,14.115665,13.854670,13.679839,14.082642,14.174343,14.107402,14.020633
1875,13.982171,14.003032,14.067376,13.841901,13.854372,13.816420,13.792399,14.116263,14.037624,14.078519
1876,13.927080,14.012480,13.909258,14.096216,13.892672,14.000945,13.693990,13.636234,13.859710,14.004046
1877,13.787771,13.810557,14.157061,14.077766,14.006266,13.965426,13.935761,13.879727,13.765980,13.996713
1878,14.032615,13.803101,13.809724,13.939189,13.932646,13.903335,13.930538,14.129396,14.063465,14.001263
1879,14.023911,14.022450,14.111696,13.893407,13.934249,13.684190,13.867956,14.163238,14.014269,14.023827
1880,14.031740,13.764106,14.090783,14.085970,14.034483,13.888737,14.083625,13.832916,13.628417,14.036971
1881,13.938115,13.841731,13.991116,13.933402,14.305290,13.995218,14.334014,13.892483,13.995990,13.856698
1882,13.987454,13.761082,14.088334,14.151066,13.982644,14.236825,14.135172,13.902519,13.910829,13.940579
1883,14.019263,14.034154,13.950852,14.026341,14.096865,13.773090,13.986359,13.877625,13.970801,13.699043
1884,13.956770,14.046382,14.102717,13.895904,13.934618,14.174818,14.118133,13.957859,14.003414,14.009159
1885,13.950606,13.875247,14.114015,13.734260,13.762809,14.086108,14.112647,14.002409,14.013212,13.975551
1886,13.984531,14.256551,13.856163,13.859904,13.936718,13.912833,14.065106,13.961144,14.067780,13.918109
1887,13.774906,13.987677,14.037820,13.940620,13.821519,14.147602,13.839058,13.964258,13.916580,13.743503
1888,14.042806,14.038163,13.999436,14.123850,13.985535,13.920499,13.806169,13.924926,13.732169,13.842794
1889,13.727030,13.758380,14.086432,13.835582,13.997418,14.041721,13.925755,13.874526,14.159708,13.980420
1890,13.858342,13.836842,13.773099,14.045588,13.951735,13.841237,14.038563,13.943493,14.224135,14.048513
1891,13.933510,13.985912,14.081524,13.999563,13.999011,13.720662,14.091773,13.902413,14.019415,13.794752
1892,13.883963,13.874525,14.009707,13.890110,13.935758,14.074457,14.144040,14.228093,13.945730,13.839241
1893,13.994978,14.007425,13.977940,14.078350,13.967227,13.965594,13.905436,13.999433,13.965568,14.309529
1894,13.866078,13.824316,14.134411,14.103242,13.863876,13.877926,13.934681,13.653023,13.998987,14.071614
1895,13.899692,13.735643,14.058441,14.050196,13.954500,14.106727,13.875665,14.099808,13.924554,14.095559
1896,14.005676,13.989937,13.980690,14.138931,14.005172,13.931161,13.980191,13.827208,13.959872,13.906343
1897,13.960264,14.130687,14.084304,13.824683,13.858101,14.025608,13.925446,13.943537,14.076728,14.019540
1898,13.815788,14.124857,13.943995,13.930264,13.870811,13.800768,13.873012,14.011677,13.978292,14.024895
1899,13.857215,13.986797,14.079809,13.946462,13.718817,14.121466,14.219393,13.946464,14.141259,13.959563
1900,13.857236,14.037900,13.716517,14.097925,14.238450,13.962051,13.930324,14.211452,14.229250,13.833057
1901,13.864664,14.058412,13.922564,14.026499,13.992344,14.086297,13.992104,13.970517,14.015379,13.799013
1902,14.057066,14.122306,14.032650,14.116502,13.796782,13.876466,13.970289,14.246022,13.927431,13.924094
1903,13.851093,13.947278,14.167986,14.036226,14.107465,14.196379,14.119437,13.805177,14.002027,14.126519
1904,13.891269,13.919796,14.043839,14.047807,14.500101,13.903196,13.987890,13.911776,13.794096,14.043289
1905,14.143071,13.979432,14.025303,13.893638,13.973508,14.065382,14.120804,14.025384,14.051823,14.079051
1906,13.911693,14.039596,13.931084,13.914554,13.980017,13.991136,14.143890,14.099300,14.025439,13.934665
1907,14.000129,13.991613,14.045668,14.082653,13.960238,13.864770,14.126373,13.992642,13.993443,13.969842
1908,14.007311,14.044911,14.122692,14.015463,14.107344,13.859211,14.129054,13.807648,14.262148,13.859411
1909,13.936821,13.905498,14.007537,14.038308,13.981896,14.018153,14.054071,14.026975,14.132350,14.074264
1910,13.965588,14.253483,14.029839,14.157104,14.247468,14.046945,13.950328,14.029236,13.935426,13.921813
1911,14.075010,13.952826,13.858247,14.107216,13.960372,14.038450,13.936998,13.884928,14.076159,13.928107
1912,13.991444,14.094339,13.958312,13.682023,14.037149,13.887440,14.169291,14.065543,13.855044,14.233248
1913,13.969546,14.198723,14.132065,14.065661,14.092926,13.976965,14.037347,14.047414,14.252272,14.077748
1914,13.956805,13.958574,14.158758,13.749156,14.267632,14.171847,14.057510,14.143450,14.078132,14.083101
1915,13.877208,13.832672,13.961960,13.702304,14.281620,14.070734,14.270549,14.097928,13.970698,13.953768
1916,14.221893,14.105824,14.111239,13.934717,14.181577,14.084529,14.125520,14.218136,13.969326,14.239103
1917,14.122807,13.987998,14.009727,14.332739,13.983675,14.115427,14.270079,13.912026,14.143149,13.967377
1918,13.953900,14.035826,13.914482,13.960261,13.986028,14.212851,13.872442,14.055077,14.011783,14.101840
1919,13.991717,14.009550,14.027721,14.124248,14.015017,14.046765,14.019914,14.006516,14.128333,14.070672
1920,14.136195,14.068500,14.105316,13.975725,14.058332,14.132875,14.037602,13.799952,14.203729,13.982091
1921,13.863378,14.195877,13.974241,14.097309,14.023583,14.072168,14.318264,13.930747,13.990623,14.015858
1922,13.983837,14.171373,14.086727,13.966700,13.991840,14.378654,13.887894,14.253169,14.196568,13.954763
1923,14.219974,13.941140,14.117164,14.131555,14.015532,14.181247,14.250689,14.114697,14.093553,14.060798
1924,14.081132,14.014545,14.165953,14.169609,14.030700,14.138229,14.014112,14.115766,14.265464,14.026947
1925,13.985961,14.032594,14.259043,14.128374,13.992759,14.023341,13.761320,14.119437,14.193727,14.128648
1926,14.210593,13.887848,14.187395,14.084206,13.938526,14.064960,14.020168,14.311344,14.128897,14.184705
1927,14.318830,14.053964,14.129888,14.053523,14.089649,14.028407,14.314290,14.277478,14.168286,14.212905
1928,14.092203,13.979742,14.046442,13.931313,14.298552,14.215914,14.090877,13.865919,14.314279,14.321908
1929,14.171573,14.228147,14.117971,14.359936,14.008494,14.187454,14.245837,13.962932,14.102705,14.074394
1930,14.276591,14.094938,13.962622,13.999691,14.052188,14.139099,14.136980,13.980853,14.110824,14.173351
1931,14.234076,14.240855,14.132516,14.100084,14.069034,14.208860,14.297156,14.145891,14.085544,14.122413
1932,14.215160,14.137416,14.134868,14.235798,13.988119,13.992615,14.127219,13.992969,14.134236,14.040575
1933,13.951938,14.087134,14.351184,14.184041,14.256242,14.022219,14.183408,14.453078,14.100228,14.392502
1934,14.064585,14.033572,13.978620,14.103308,14.310025,13.934742,14.082243,14.360548,14.333455,14.154199
1935,14.311556,14.122896,14.343965,14.177523,14.035696,14.337836,14.462354,14.256799,14.255013,14.227197
1936,14.235532,14.020553,14.041418,14.239610,14.358219,14.336099,14.310095,14.281319,14.187256,14.159176
1937,14.073025,14.179237,14.050847,14.270419,14.177639,14.012031,14.175201,14.109725,14.364716,14.256669
1938,14.212266,14.120720,14.414047,14.548855,14.081892,14.093946,14.274207,14.142286,14.368286,14.216742
1939,14.277106,14.266232,14.282660,14.285332,14.052874,14.361843,14.243100,14.135036,14.300714,14.226604
1940,14.264805,14.323801,14.224446,14.187523,14.280425,14.336781,14.241869,14.168236,14.112502,14.270987
1941,14.346115,14.102403,14.142012,14.346926,14.149732,14.282572,14.194221,14.445929,14.223068,14.385539
1942,14.037380,14.246012,14.171132,14.107232,14.429633,14.208696,14.205229,14.387346,14.251564,14.189049
1943,14.444316,14.224905,14.079552,14.238046,14.317500,14.348416,14.269809,14.340725,14.390371,14.136564
1944,14.192816,14.125351,14.236482,14.224675,14.044257,14.218208,14.137959,14.266174,14.414279,13.959837
1945,14.037844,14.105912,14.363219,14.159663,14.063385,14.303546,14.230999,14.263716,14.205051,14.245445
1946,14.291056,14.319546,14.106166,14.243650,14.181585,14.217486,14.345555,14.149371,14.325269,14.252290
1947,14.171486,14.395903,14.256546,14.196587,14.214283,14.286143,14.097497,14.147798,14.156882,14.441935
1948,14.280645,14.240250,14.165004,14.603722,14.157992,14.053248,14.293858,14.362628,14.295225,14.372587
1949,14.090063,14.164627,14.025006,14.191617,14.473343,14.414719,14.335071,14.055857,14.126205,14.182287
1950,14.045164,14.418608,14.291012,14.162038,14.318577,14.235895,14.321962,14.178763,14.225340,14.274507
1951,14.245466,14.227262,14.196159,14.204631,14.299522,14.119905,14.503196,14.234422,14.322978,14.411217
1952,14.107953,14.255021,14.259754,14.215984,14.369015,14.389150,14.414083,14.028341,14.182510,14.157584
1953,14.495228,14.019540,14.234151,14.286706,14.211701,14.002080,14.297688,14.208359,14.247463,14.189721
1954,14.010070,13.968614,14.414292,14.022664,14.203247,14.527246,14.043348,14.452885,14.291340,14.315647
1955,14.329777,14.292988,14.084745,14.256863,14.208387,14.365292,14.075738,14.224703,14.126142,14.368776
1956,14.062996,14.323276,14.168626,14.049753,14.420495,14.001338,14.356845,14.144953,14.186262,14.212794
1957,14.169728,14.116631,13.969438,14.167321,14.200890,14.330174,14.171497,14.183756,14.133013,14.083523
1958,14.341309,14.243392,14.239250,14.197997,13.996642,14.086020,14.016317,14.253893,14.239729,14.296176
1959,14.233733,14.158488,14.188335,14.284840,14.054196,14.394520,14.134537,13.856518,14.104561,14.132440
1960,14.192370,14.063179,14.363594,14.324252,14.076462,14.230128,13.880925,14.211440,14.228271,14.158905
1961,14.123206,13.996897,14.042819,14.096912,14.060797,14.242535,14.117544,14.213352,14.003732,14.135877
1962,14.083009,14.190141,14.190128,14.125280,14.200370,14.235135,14.180258,14.226804,14.013831,14.282857
1963,14.243234,14.135272,14.161161,14.084617,14.319133,14.115570,14.106908,14.066418,14.023145,14.093376
1964,14.023438,14.092156,14.162739,14.111769,14.222039,14.197743,14.153029,14.202396,14.054555,14.119780
1965,14.173057,13.992067,14.232431,14.001347,13.908886,13.989911,14.232237,14.009377,14.004842,14.228825
1966,14.098748,14.011177,14.165221,14.082800,14.267267,13.926010,14.197912,14.034644,14.314289,14.178725
1967,14.200762,14.348309,14.072527,14.247423,14.295169,14.166138,13.952062,14.172703,14.119985,14.048580
1968,13.909624,14.523317,14.188478,14.112070,14.145289,14.251223,14.095576,14.160389,14.223640,14.247241
1969,14.213083,14.315104,13.901926,14.031363,13.974346,14.210508,14.203608,14.084619,14.110922,14.282722
1970,13.980445,14.341172,14.220441,14.114339,14.212713,14.096411,14.052593,14.128723,13.988345,13.914433
1971,14.218918,14.070816,14.046561,14.164542,14.319500,14.006239,14.247094,14.515779,14.073693,14.191369
1972,14.167154,14.336892,13.972718,14.407765,14.032345,14.136237,14.085185,14.173450,14.310818,14.085452
1973,13.957321,14.114328,14.283978,13.900031,14.099887,14.336594,14.067416,14.214563,14.052469,13.979983
1974,14.021422,14.358782,14.113730,14.399310,14.155641,14.138527,14.316236,14.301501,14.281362,14.134966
1975,14.180139,14.197698,14.205666,14.171132,14.159258,14.261797,14.515059,14.129778,14.188996,14.050803
1976,14.003033,14.219171,14.275907,14.408732,14.119320,14.352150,14.054044,14.167829,14.046047,14.231724
1977,13.979737,13.981322,14.441718,14.103356,14.218157,14.227303,14.252249,14.315831,13.933929,14.488178
1978,14.106218,14.320981,14.085397,14.333819,14.334895,14.211722,14.488533,14.279904,14.165670,14.220769
1979,14.317567,14.013018,14.280090,14.336847,14.050670,14.237845,14.463161,14.184338,14.312752,14.473642
1980,14.048372,14.278523,14.258521,14.477231,14.309698,14.441603,14.410822,14.206271,13.979327,14.159649
1981,14.500588,14.473581,14.331275,14.300042,14.327677,14.268092,14.119928,14.636833,14.268751,14.267084
1982,14.350983,14.347825,14.495933,14.219483,14.472880,14.240393,14.247731,14.193190,14.370016,14.418941
1983,14.277700,14.327391,14.549199,14.258831,14.286272,14.344975,14.206707,14.493702,14.268885,14.048365
1984,14.512683,14.270423,14.192584,14.576079,14.297503,14.260396,14.195512,14.536304,14.180285,14.464570
1985,14.427062,14.253614,14.572697,14.574231,14.327765,14.329440,14.301438,14.414323,14.329834,14.169520
1986,14.229526,14.393026,14.213211,14.352723,14.202060,14.554340,14.342052,14.402541,14.268022,14.349319
1987,14.432729,14.305324,14.508194,14.314904,14.388832,14.203497,14.202307,14.327342,14.603888,14.454156
1988,14.298827,14.534566,14.636765,14.601916,14.342582,14.571321,14.349847,14.190326,14.478242,14.474355
1989,14.568369,14.312233,14.325724,14.757374,14.244136,14.496311,14.424259,14.488188,14.556792,14.345438
1990,14.441552,14.354321,14.701732,14.540376,14.490969,14.664510,14.423579,14.514666,14.399100,14.307001
1991,14.351237,14.319330,14.347440,14.274988,14.277499,14.281525,14.544506,14.350397,14.400107,14.509409
1992,14.545656,14.447231,14.637033,14.533056,14.402129,14.540035,14.409989,14.410619,14.411811,14.354309
1993,14.531156,14.374646,14.366313,14.631744,14.510632,14.474819,14.558296,14.221088,14.388501,14.262841
1994,14.433598,14.678376,14.542353,14.565564,14.414225,14.515402,14.427420,14.742008,14.422744,14.814982
1995,14.484288,14.477454,14.410831,14.467232,14.452515,14.670568,14.759497,14.784932,14.710611,14.548492
1996,14.690766,14.557576,14.706557,14.801714,14.524591,14.547984,14.577583,14.514932,14.639840,14.564872
1997,14.949665,14.445550,14.695825,14.894368,14.613858,14.859437,14.532390,14.657765,14.423979,14.670746
1998,14.550716,14.756555,14.722012,14.780399,14.499941,14.652604,14.752589,14.644824,14.638721,14.313601
1999,14.487833,14.506953,14.642736,14.738298,14.577512,14.764764,14.567504,14.894161,14.899517,14.568342
2000,14.655436,14.842812,14.868507,14.592196,14.900311,14.708930,14.765295,14.939201,14.632982,14.465943
2001,14.813123,14.725636,14.535773,14.918710,14.853816,14.606919,14.630110,14.788672,14.785263,14.663623
2002,14.610937,14.708562,14.678694,14.727968,14.914412,14.828238,14.753298,14.755817,14.761443,15.059705
2003,14.978333,14.832713,14.761710,14.969561,14.966989,14.795306,14.876416,14.843424,14.932762,14.701790
2004,14.984851,14.927691,14.872604,14.965090,14.988422,14.902681,15.032498,14.837411,14.904295,15.066577
2005,15.168784,14.859670,14.716244,14.867813,14.982070,14.995789,14.949779,14.885668,14.931235,14.984819
2006,15.001900,14.924124,14.877160,14.756681,15.274531,14.854289,14.929227,14.797287,15.097864,14.909177
2007,14.846188,14.993104,14.799146,14.988347,14.947067,15.141934,14.898256,14.909608,14.984839,14.827138
2008,15.063717,14.726443,15.255196,15.301074,15.142895,15.228760,15.011526,14.855835,14.888769,15.144162
2009,14.907097,14.830012,15.104265,14.950045,15.309972,14.960676,15.025503,15.093251,15.085774,14.955343
2010,14.883076,15.131516,15.021783,15.016036,15.046910,14.994304,14.796362,15.041364,15.043397,14.990554
2011,14.896976,14.769890,14.787868,15.008576,15.249236,15.199722,14.770047,15.293291,15.139020,15.104795
2012,14.881755,15.047422,15.049877,15.098724,15.049129,14.830826,14.858435,14.965379,15.033750,15.040090
2013,15.369888,14.978338,15.231677,15.007833,14.970639,15.218445,14.738721,14.977573,15.149480,15.207979
2014,15.238264,15.062487,15.315119,15.257735,15.175925,15.018686,15.011310,15.118591,15.195986,15.059269
