year,010,011,012,013,014,015
1850,14.321378,14.092701,14.393574,14.077948,14.295754,14.221078
1851,14.119273,14.120001,14.032905,14.021689,14.113575,14.009226
1852,14.016192,14.112077,13.931491,14.177497,13.823275,14.041711
1853,14.178877,13.981814,13.885177,14.112890,13.776923,14.111880
1854,14.220331,13.965619,13.921282,14.012785,13.907946,14.251917
1855,14.352968,14.096374,13.970817,14.134634,14.016405,14.141553
1856,14.129232,14.023495,13.853271,14.079078,13.935341,13.983730
1857,13.917360,14.210956,13.897473,13.947407,14.003824,14.160524
1858,13.911171,14.262629,13.914470,14.033115,14.068464,14.055776
1859,13.901233,13.999881,14.034024,14.018696,14.081286,14.015360
1860,14.190274,14.069806,14.037978,13.967371,14.124044,13.979714
1861,14.167633,14.087337,14.033931,14.098193,14.128829,13.964370
1862,13.900291,14.138640,14.089732,14.150642,13.877024,13.923000
1863,13.983212,14.185585,14.052041,13.984618,13.887370,14.120626
1864,14.002569,14.161074,14.042086,14.132257,14.073172,14.179298
1865,13.967784,13.937709,14.112399,14.232779,14.056740,14.064940
1866,14.015563,13.844268,14.233303,14.163619,14.034529,14.124169
1867,14.034145,13.852346,14.007531,13.988193,14.190143,14.172138
1868,13.880371,13.938563,14.125022,14.010281,14.142001,14.128880
1869,13.875436,14.060032,14.088841,13.992950,14.054114,14.217682
1870,14.052798,14.094275,14.065082,14.078910,14.075891,14.239032
1871,14.176134,14.424910,14.147208,14.214554,14.106085,14.167382
1872,14.148972,14.185246,14.108449,14.058758,14.128849,14.256371
1873,14.104510,14.075846,14.088980,14.070939,14.100454,14.136398
1874,13.817372,14.061079,14.075365,14.223129,14.246941,14.215335
1875,14.041371,14.242583,14.145151,14.180264,14.397583,14.061999
1876,14.180365,14.238494,14.339767,14.077475,14.116846,14.111912
1877,14.165839,14.187670,14.337626,14.135969,14.246188,14.082658
1878,14.026202,14.231833,14.245104,14.228994,14.289696,14.122239
1879,14.032296,14.310906,14.140221,14.066033,14.247496,14.284789
1880,14.029774,14.170834,13.996504,13.978246,14.115081,14.284703
1881,14.144381,14.226262,14.114427,14.217938,14.088299,14.314348
1882,14.153013,14.296553,14.209696,14.245398,14.151785,14.013196
1883,14.061259,14.351352,14.095088,14.230794,14.167428,14.127612
1884,14.141140,14.162117,13.956984,14.316221,14.037090,14.289914
1885,14.282890,14.050672,13.964185,14.209099,13.847526,14.185014
1886,14.201931,14.092328,14.013179,14.121151,13.940836,14.153879
1887,14.257223,14.157423,13.945141,14.120653,14.101939,14.229900
1888,14.234004,14.215777,13.996203,14.151269,14.170350,14.263634
1889,14.173605,14.249952,14.014561,14.088844,14.098670,14.120819
1890,14.237735,14.282914,14.107525,14.003513,14.240222,14.087108
1891,14.373001,14.089796,14.098393,14.099431,14.323336,14.184168
1892,14.164439,14.051264,14.007781,14.083429,14.287081,14.246131
1893,14.136281,14.085297,14.227726,14.258914,14.302879,14.084384
1894,14.277363,14.155361,14.461624,14.288755,14.072033,14.301319
1895,14.186277,14.072307,14.280784,14.180504,14.155521,14.274479
1896,14.117949,14.136395,14.172463,14.134145,14.257955,14.220781
1897,14.116098,14.332593,14.333104,14.187132,14.204119,14.281772
1898,14.064924,14.104776,14.079618,14.069665,14.350082,14.283495
1899,14.160934,13.910278,14.243378,14.189953,14.171684,14.313093
1900,14.184937,14.178010,14.144138,14.279872,14.026054,14.192401
1901,14.175555,14.333245,13.906009,14.272364,14.071954,14.154365
1902,14.098769,14.073240,13.960788,14.133830,14.168797,14.058095
1903,14.292347,14.083720,14.173869,14.253776,14.164520,14.198038
1904,14.428797,14.251658,14.169522,14.289023,14.092581,14.239486
1905,14.236240,14.315920,14.177759,14.232174,14.334939,14.289216
1906,14.160861,14.100766,14.326335,14.301262,14.165456,14.238619
1907,14.220128,14.165253,14.120432,14.320908,14.221034,14.398978
1908,14.186062,14.340640,14.170144,14.420867,14.297598,14.493590
1909,14.201468,14.257263,14.269102,14.351895,14.214145,14.445785
1910,14.409498,14.361314,14.452238,14.317681,14.232869,14.094631
1911,14.327145,14.257042,14.233922,14.294458,14.216644,14.045721
1912,14.235476,14.095245,14.341466,14.185724,14.215313,14.221486
1913,14.398721,14.185985,14.407772,14.292776,14.341499,14.123711
1914,14.374526,14.284594,14.035424,14.498817,14.300395,13.998172
1915,14.062655,14.153165,14.223359,14.412392,14.241980,14.069075
1916,14.208818,14.237982,14.420131,14.273608,14.322427,14.382257
1917,14.342973,14.304255,14.223147,14.287925,14.265304,14.449133
1918,14.158805,14.263856,14.419832,14.384955,14.111602,14.350643
1919,14.087272,14.162071,14.319629,14.353957,14.106053,14.276278
1920,14.316235,14.352854,14.132582,14.429000,14.255011,14.369656
1921,14.527584,14.370330,14.127334,14.542403,14.242457,14.440772
1922,14.340117,14.280169,14.233044,14.449194,14.098159,14.622283
1923,14.430979,14.424005,14.356291,14.461258,14.323453,14.475853
1924,14.265929,14.418493,14.362940,14.363319,14.273378,14.460145
1925,14.297802,14.314128,14.464144,14.352162,14.405468,14.513133
1926,14.421826,14.217649,14.333795,14.336810,14.299295,14.397969
1927,14.560831,14.263917,14.356535,14.390062,14.104170,14.377218
1928,14.370948,14.254174,14.419142,14.293087,14.137242,14.546610
1929,14.467980,14.372973,14.500783,14.261566,14.222451,14.407925
1930,14.476763,14.365293,14.458127,14.359604,14.360900,14.390004
1931,14.401387,14.119128,14.242043,14.425717,14.525850,14.421104
1932,14.528170,14.275489,14.266870,14.326081,14.361921,14.474812
1933,14.646642,14.461639,14.243717,14.348388,14.342140,14.602904
1934,14.500165,14.319484,14.318759,14.549495,14.483603,14.452177
1935,14.624430,14.428268,14.434609,14.259718,14.392511,14.452252
1936,14.316598,14.424263,14.397390,14.478168,14.281099,14.568731
1937,14.360692,14.168225,14.297688,14.465528,14.388048,14.537546
1938,14.488134,14.215353,14.421526,14.377168,14.355575,14.529187
1939,14.442956,14.299988,14.444118,14.458376,14.371319,14.488830
1940,14.221223,14.253584,14.454560,14.513839,14.512548,14.295056
1941,14.475990,14.224907,14.338041,14.383386,14.206088,14.461099
1942,14.498406,14.386056,14.324749,14.225249,14.212708,14.185884
1943,14.430263,14.476657,14.284799,14.394056,14.341100,14.182518
1944,14.643027,14.604777,14.385106,14.503846,14.272100,14.392065
1945,14.747260,14.482982,14.491403,14.486746,14.404729,14.551328
1946,14.536168,14.560051,14.397180,14.594558,14.542199,14.386741
1947,14.617690,14.680872,14.203060,14.475344,14.396106,14.426362
1948,14.786602,14.582857,14.331397,14.349263,14.334370,14.367298
1949,14.526935,14.453687,14.539509,14.334676,14.278018,14.440128
1950,14.492154,14.617476,14.397879,14.395873,14.365464,14.434716
1951,14.620256,14.611396,14.403477,14.609200,14.573543,14.278511
1952,14.629818,14.309141,14.511864,14.695493,14.498038,14.386221
1953,14.636283,14.336976,14.558473,14.435904,14.663637,14.344450
1954,14.548743,14.546363,14.514714,14.501709,14.659566,14.172831
1955,14.722704,14.560889,14.579373,14.534003,14.421231,14.297083
1956,14.792070,14.514244,14.300640,14.485048,14.261076,14.477227
1957,14.480337,14.246987,14.314229,14.620385,14.384748,14.325308
1958,14.517379,14.326157,14.331162,14.594634,14.536203,14.215118
1959,14.522427,14.507541,14.390475,14.684405,14.708694,14.354067
1960,14.490488,14.351196,14.459593,14.704624,14.604719,14.353106
1961,14.532132,14.213936,14.413977,14.520874,14.468827,14.551285
1962,14.610869,14.346570,14.387835,14.568428,14.511660,14.572837
1963,14.599917,14.406759,14.445698,14.597738,14.690434,14.505269
1964,14.636499,14.317344,14.484153,14.736952,14.474354,14.542823
1965,14.683097,14.428583,14.394452,14.567564,14.603871,14.583988
1966,14.634154,14.578395,14.338737,14.633971,14.688751,14.468124
1967,14.496690,14.576952,14.554972,14.672846,14.610876,14.686047
1968,14.693931,14.466876,14.575106,14.677151,14.682895,14.664138
1969,14.814802,14.655665,14.508480,14.766364,14.699445,14.697510
1970,14.718239,14.733750,14.657295,14.765098,14.505820,14.754442
1971,14.682563,14.676619,14.595583,14.676819,14.683546,14.574437
1972,14.561218,14.658433,14.643759,14.575538,14.775213,14.588103
1973,14.629847,14.580027,14.619407,14.684849,14.648305,14.606526
1974,14.575888,14.653806,14.637160,14.826582,14.653568,14.914695
1975,14.809796,14.944584,14.636179,14.841348,14.818999,14.868806
1976,14.825461,14.713180,14.505468,14.998391,14.706115,14.729083
1977,14.596045,14.802020,14.615979,14.824477,14.672080,14.888553
1978,14.900397,14.787107,14.531061,14.934619,14.709031,14.890841
1979,14.986817,15.054690,14.636288,15.027259,14.836792,14.906904
1980,14.944413,15.118681,14.784313,15.082208,14.566596,14.921974
1981,14.796726,14.861220,14.819075,14.816275,14.647581,14.947167
1982,14.881435,14.812201,14.791117,14.947606,14.944528,14.875648
1983,15.019347,14.940317,14.615842,15.021070,14.964117,14.811404
1984,14.872414,15.066271,14.757240,15.039752,14.774662,14.854100
1985,14.862898,14.881191,14.860262,14.903590,14.964871,14.770093
1986,14.917604,14.685996,14.999668,15.094587,15.000851,14.533848
1987,15.151126,14.897291,14.854642,15.057661,14.733009,14.798069
1988,15.246069,14.974078,14.926925,15.059487,14.953333,14.984061
1989,15.266636,14.996512,14.885113,15.207930,15.016924,14.929699
1990,15.225306,15.106288,14.990280,15.330686,15.041308,15.040383
1991,15.068112,15.107904,14.957695,15.264116,14.982961,14.929616
1992,15.161525,15.018501,15.123253,15.473087,14.982299,14.842672
1993,15.189075,15.239115,15.180763,15.281858,15.090507,14.862187
1994,15.110771,15.381064,14.992257,15.173824,15.048772,14.934457
1995,15.075357,15.263246,15.067261,15.229596,15.203067,14.881951
1996,15.228832,15.247322,15.113654,15.284632,15.172775,15.056221
1997,15.153558,15.361044,14.995685,15.355495,15.078596,15.008093
1998,15.236862,15.171836,15.068612,15.257175,15.076928,14.926085
1999,15.269870,15.221679,14.986933,15.236737,15.104063,15.190549
2000,15.208030,15.329346,15.075598,15.444928,15.156068,15.341129
2001,15.023050,15.338847,15.095480,15.500725,15.290621,15.084511
2002,15.219218,15.327678,15.116382,15.540296,15.295645,15.307873
2003,15.411973,15.332045,15.000451,15.405752,15.087959,15.303508
2004,15.426594,15.381088,15.157696,15.363750,15.310396,14.890467
2005,15.177685,15.531963,15.275306,15.458284,15.397378,14.968196
2006,15.307229,15.715684,14.995057,15.520576,15.218108,15.362584
2007,15.454754,15.408548,15.139993,15.560519,15.406007,15.351238
2008,15.340795,15.604297,15.190635,15.643636,15.352602,15.192094
2009,15.557483,15.645180,15.144512,15.540789,15.152235,15.406291
2010,15.602925,15.515729,15.255177,15.608006,15.256757,15.454189
2011,15.482362,15.665013,15.223073,15.681768,15.470352,15.466707
2012,15.483326,15.726323,15.402432,15.551140,15.319743,15.541333
2013,15.518554,15.684451,15.365840,15.732425,15.528846,15.426860
2014,15.404435,15.847229,15.363814,15.649944,15.683152,15.587594
2015,15.312133,15.814727,15.544624,15.531011,15.436561,15.390621
2016,15.575531,15.767113,15.516931,15.632047,15.582801,15.556500
2017,15.650538,15.752478,15.619281,15.676347,15.651438,15.531694
2018,15.500837,15.712600,15.538113,15.626983,15.435486,15.474334
2019,15.661071,15.943940,15.677481,15.746859,15.726614,15.722434
2020,15.732102,16.041614,15.691089,15.575580,15.645872,15.347173
2021,15.777973,15.942275,15.783933,15.812084,15.787137,15.536924
2022,15.855687,16.010683,15.732687,15.840865,15.675793,15.665685
2023,15.923104,15.912398,15.485489,15.575430,15.801971,15.574634
2024,15.861043,15.980812,15.654676,15.897354,15.751015,15.648298
2025,15.979457,15.986437,15.915633,15.999895,15.896308,15.822987
2026,15.977326,16.066020,15.688958,16.027112,15.949809,16.010391
2027,15.733451,16.259368,15.712940,16.125360,15.871428,16.070020
2028,15.856644,16.130273,15.835130,16.009074,15.851906,15.911695
2029,16.045721,16.239698,15.854485,16.109575,15.864504,16.079674
2030,16.126915,16.198744,16.036729,15.931442,15.806307,16.165699
2031,16.270144,16.009560,15.877165,16.124032,15.977625,16.010485
2032,16.186124,16.084777,16.088838,16.074111,16.079559,16.084877
2033,16.203755,16.311929,16.077613,16.076284,16.109636,16.225597
2034,16.189765,16.309945,16.116728,15.983059,16.043156,15.973501
2035,16.173051,16.386682,16.385663,16.088131,15.962036,16.176492
2036,16.218434,16.307855,16.233410,16.077721,16.245584,16.047442
2037,16.062654,16.178177,16.305025,16.272664,16.183747,16.266133
2038,16.181519,16.387217,16.129705,16.380273,15.920711,16.218013
2039,16.306346,16.414192,16.268150,16.494830,16.214643,16.349954
2040,16.519923,16.333567,16.452903,16.477354,16.316601,16.430877
2041,16.281567,16.497189,16.319466,16.412141,16.199431,16.488878
2042,16.485130,16.575239,16.602232,16.517679,16.342395,16.671662
2043,16.497670,16.510429,16.503856,16.319519,16.368673,16.480772
2044,16.453099,16.699227,16.547984,16.364061,16.367314,16.499743
2045,16.467448,16.634884,16.560986,16.382800,16.418156,16.463677
2046,16.583938,16.653112,16.516224,16.587632,16.273311,16.558623
2047,16.760533,16.623540,16.732768,16.534826,16.336943,16.549833
2048,16.691545,16.443066,16.707292,16.558338,16.590421,16.606953
2049,16.857599,16.704376,16.767381,16.659016,16.679231,16.587433
2050,16.732610,16.801959,16.587533,16.567376,16.713781,16.492207
