year,010,011,012,013,014,015,016,017,018,019,020
1850,14.368506,14.149686,14.418293,14.149216,14.322461,14.260081,14.263319,14.221778,14.353845,14.370308,14.235151
1851,14.293296,14.096847,14.148147,14.077593,14.225980,13.949773,14.120180,14.214240,14.363138,14.194603,13.870103
1852,14.230134,14.027243,14.096444,13.957005,14.017818,14.010363,14.261225,14.136857,14.339849,14.183772,13.926122
1853,14.093245,13.942328,14.090556,14.120953,14.019215,14.119495,14.234891,14.021040,14.058571,14.184202,13.998744
1854,14.136932,13.981966,14.131127,14.127774,14.102783,14.394586,14.111078,13.906303,14.123078,14.000908,14.101251
1855,14.194613,14.030163,13.894032,14.125278,14.148668,14.220450,14.201695,13.960704,14.141538,14.113180,13.993832
1856,14.111690,14.041165,13.852938,14.165642,14.211425,14.088350,14.240446,14.087797,14.159990,14.081641,14.113931
1857,13.988478,13.977092,14.058655,14.164245,14.184306,13.996392,14.087048,14.086202,13.989630,14.142493,14.148307
1858,14.036853,14.135059,14.101143,14.134673,14.239914,14.011670,13.957647,13.974857,14.007412,14.283787,14.070527
1859,13.952156,14.076643,13.885464,13.969880,14.116904,14.125652,14.088858,13.999414,13.832279,14.068897,13.963152
1860,14.015596,13.891118,13.984549,13.997029,14.091423,14.221061,14.095078,14.040404,13.977727,14.016147,14.005480
1861,13.921674,14.058104,14.026322,13.876430,13.816448,13.932548,13.953961,14.157292,14.055900,14.264199,14.053852
1862,13.968116,14.319606,14.032442,14.014520,13.843072,14.029668,13.965496,14.081495,14.126233,13.994665,14.089695
1863,14.023471,14.116227,13.983740,13.986245,13.785977,14.102181,13.967160,14.139642,13.963192,14.002239,14.194934
1864,13.772063,14.177727,13.998713,13.957595,13.897916,13.941930,14.015537,14.183024,14.017614,14.046925,14.117181
1865,13.826791,14.303018,14.080167,14.185358,14.056196,14.055371,13.947620,14.156862,14.221990,14.055618,14.101621
1866,13.842461,14.285553,13.829976,14.151018,14.209712,14.110444,14.039559,14.023448,14.169881,13.981225,14.099100
1867,13.889184,14.158607,13.873656,14.106421,14.038920,13.991322,14.076567,14.101768,14.170106,13.949211,13.929141
1868,14.034220,14.290869,13.980925,14.129380,14.255548,14.035430,14.072245,14.114713,14.203993,13.934432,13.928036
1869,14.120850,14.096692,13.906724,14.141846,14.172832,14.199269,14.177652,14.022520,14.091748,13.999619,13.978297
1870,13.983664,13.983239,13.909698,14.149015,13.941525,14.194607,14.043738,13.949142,13.942645,13.903110,14.285117
1871,14.098108,14.087763,13.993789,14.122507,14.040236,13.944628,14.140872,14.005677,14.117330,14.144620,14.230201
1872,14.162163,14.249642,13.949129,13.979687,13.992759,14.145118,14.207802,14.120392,14.202235,14.203950,14.021347
1873,13.962837,14.032378,14.068232,14.045122,14.086900,14.219918,14.093551,14.028567,14.148201,13.933977,14.143305
1874,14.125392,13.971593,14.027384,13.988650,14.186765,13.933735,14.049212,13.854137,14.315811,13.954096,13.946957
1875,14.038376,14.049694,14.075276,14.078170,14.099506,14.058525,14.040653,13.865295,14.168627,13.905627,14.069686
1876,13.830201,14.140659,14.013468,14.122052,14.181950,14.045982,14.093393,13.909875,14.000027,13.908856,14.087131
1877,14.033398,14.056012,14.177660,14.051783,14.226531,14.006696,14.234569,13.906516,13.939381,14.015622,14.026875
1878,14.108779,14.010029,14.052007,14.197813,14.165107,14.044200,14.103069,13.993461,14.139719,14.139211,14.027719
1879,13.807713,14.020466,13.995387,14.164990,14.149569,13.924803,14.191108,13.916544,14.125147,14.202902,13.906226
1880,13.952106,14.106665,14.105333,13.647296,13.944779,14.018009,14.319473,13.881154,14.036917,14.117937,13.989863
1881,13.996049,14.049564,14.112558,13.687192,13.896020,14.008424,14.226265,14.112159,14.067075,14.356229,14.007148
1882,14.126501,14.326398,13.754315,13.743342,13.933812,14.033394,14.175423,13.951717,13.972000,14.209806,13.988556
1883,13.973366,14.137410,13.740293,13.787018,13.982641,13.742449,14.114287,13.943752,13.998856,13.925137,14.043874
1884,13.873819,14.067631,14.021102,13.865268,13.818936,13.893446,13.989752,13.891404,14.119535,13.954901,14.034208
1885,14.101205,14.101441,14.178770,13.709696,13.977329,14.091547,13.776714,13.844649,13.982086,14.182339,14.088483
1886,14.043438,13.911284,14.059726,13.890056,14.073907,14.012395,13.839324,13.964088,13.980665,14.061313,14.027611
1887,14.065462,13.985885,13.902461,13.879956,14.168179,14.096026,13.967280,14.007825,14.043033,14.032343,13.877654
1888,14.180214,13.991736,13.756452,13.819409,14.354460,14.075630,13.967919,13.901542,13.828621,14.016773,13.942904
1889,13.905511,13.912325,13.908799,13.935012,14.219300,13.913801,13.917262,13.829135,13.876586,14.131450,14.008919
1890,13.913152,14.035744,13.798700,13.826995,13.945868,13.941009,14.036287,13.931523,13.868225,14.092622,13.902608
1891,13.878609,13.978806,13.987068,13.966220,13.871783,13.984802,14.156408,13.808507,13.855637,14.267454,13.993214
1892,13.910996,13.873322,14.055861,14.099766,13.894724,13.934149,13.993968,13.918485,13.786545,14.065917,14.066259
1893,13.963099,13.756301,14.025798,13.914422,13.899040,14.041570,14.085049,14.017104,13.934941,14.146573,14.052249
1894,13.905558,13.963659,14.138114,13.993274,13.959936,14.010185,14.179454,14.077203,14.050655,14.181021,13.762675
1895,14.011128,14.043972,14.242030,14.005862,13.988580,13.796910,13.906450,13.877917,13.973327,13.970287,13.892770
1896,14.084021,13.946445,13.896267,13.805097,14.042311,13.836226,14.025551,13.874705,13.953635,14.040012,14.071566
1897,14.046360,13.990649,13.772741,13.757402,14.072280,13.949207,13.971211,13.961540,13.680435,13.993654,14.028006
1898,13.922611,14.006306,13.906116,13.935369,14.045611,13.860540,14.097804,13.779293,13.905429,14.082481,13.846557
1899,13.893062,13.984403,14.017408,14.008132,13.904638,13.900956,14.139863,13.706557,13.970727,14.171081,13.862863
1900,14.000181,13.972550,13.895621,13.815841,13.899655,13.958979,14.157870,13.876461,13.745361,14.307751,13.925980
1901,14.149626,13.898118,13.925335,13.945093,13.785501,13.888365,13.959493,14.021992,13.688065,14.128446,14.049304
1902,13.840051,13.742337,13.888065,13.828506,13.858656,14.002894,13.871481,13.833619,13.784587,13.860802,13.944403
1903,13.705561,13.833106,13.989029,13.907228,13.971190,14.013729,13.824251,13.838504,13.766692,13.907870,13.850080
1904,13.980851,13.981167,13.945573,13.891623,13.896442,14.099898,13.855837,14.092369,13.820148,14.072129,13.795879
1905,14.027610,14.068057,13.804239,14.018332,13.924340,14.063056,13.969506,13.943762,13.928465,14.167149,14.041018
1906,13.790613,14.148005,13.815633,14.098469,14.035731,13.976240,13.970541,13.746488,13.981075,14.281056,13.814791
1907,13.811264,13.898271,13.671166,13.868695,13.806079,13.804824,14.036054,13.843270,13.905445,14.124207,13.849844
1908,13.735086,13.957021,13.794368,13.913264,13.788386,13.818396,13.990427,13.673522,13.865153,13.907692,13.919212
1909,13.766831,14.111116,13.786733,13.961913,13.875826,13.949305,13.980258,13.897483,13.838262,13.928251,13.906694
1910,13.851687,13.926246,13.787481,13.763883,13.883770,13.968095,13.940334,13.903734,13.877734,14.088172,13.811808
1911,13.835833,13.917024,13.817234,13.910500,13.830601,13.903842,13.935698,13.774830,13.674518,13.812274,13.755255
1912,13.959725,13.891665,13.900290,14.047070,13.980252,13.765183,13.973528,13.928173,13.724797,13.691072,13.889460
1913,13.799970,13.845342,13.690309,13.825631,14.012926,13.798483,14.027382,13.821477,13.698186,13.752324,13.692821
1914,13.805016,13.882239,13.739695,13.917041,13.894361,13.755178,13.902822,13.821378,13.777096,13.896476,13.704567
1915,13.883982,14.063536,13.920625,13.769707,13.918222,13.802294,13.898382,13.822758,13.770516,13.886267,13.650269
1916,13.821892,13.901938,13.875939,13.635165,13.832840,13.964703,13.795879,13.944324,13.672930,13.738611,13.790884
1917,13.643795,13.725348,13.921872,13.706772,13.730209,14.123335,13.761962,13.889177,13.946857,13.813893,13.911121
1918,13.758049,13.762085,13.848556,13.697772,13.766272,13.941572,13.855629,13.827742,13.994285,13.995518,13.713195
1919,14.095273,13.682380,13.902471,13.707972,13.722300,13.883666,13.900429,13.889046,13.747833,14.141742,13.801513
1920,14.151155,13.709927,13.910531,13.716151,13.966906,13.951131,13.748541,13.861775,13.748306,13.969478,14.041593
1921,13.886359,13.901510,13.977058,13.867331,14.079566,13.891860,13.792812,13.653200,13.832396,14.062704,13.945187
1922,14.055968,14.036368,14.106003,14.069367,13.877995,13.724855,13.978146,13.746612,13.904156,14.045433,13.754085
1923,14.062555,13.968110,13.904715,13.912591,13.942371,13.624532,14.098268,13.734874,13.758391,14.069778,13.779574
1924,13.833937,13.853516,13.835828,13.827998,13.965051,13.723762,14.024498,13.929426,13.951352,14.128207,13.826581
1925,13.960812,14.039765,13.986289,13.693789,14.085604,13.792151,13.969740,13.955481,13.883428,13.870791,13.879849
1926,13.941997,14.029554,13.824505,13.740390,13.857343,13.895545,14.065871,14.079801,13.832237,13.893449,13.847447
1927,13.900424,13.746621,13.809358,13.854916,13.912828,13.888457,14.058362,13.804628,13.871691,13.733064,14.050465
1928,13.795099,13.643337,13.793198,13.905965,13.964023,13.882890,14.001975,13.875524,13.871860,13.788255,14.160829
1929,13.785065,13.791262,13.733958,13.704244,13.826349,13.808279,13.751693,13.795593,13.761512,13.877603,13.922049
1930,13.914044,13.787109,13.852124,13.729806,13.835894,13.907962,13.733927,13.765864,13.848942,13.813935,13.884951
1931,13.962149,13.807237,13.978984,13.647232,13.972879,13.861246,14.042852,13.909233,13.869363,13.490303,13.864909
1932,13.917550,13.963230,13.922755,13.774779,13.859002,13.885245,14.079619,13.910335,13.931855,13.605982,13.842812
1933,13.910244,14.162674,13.798067,13.929603,13.885389,13.888424,13.724300,13.890565,13.916575,13.785222,13.834127
1934,13.684904,14.074039,13.825480,13.980544,13.889704,13.907243,13.608375,14.103215,13.893285,13.837173,13.803415
1935,13.703850,13.925365,13.901672,13.862708,13.733607,13.828831,13.714923,13.911452,13.910800,13.836507,13.870748
1936,13.759533,13.758408,13.868250,13.902293,13.589464,13.889785,13.764751,13.641608,13.783859,13.800708,13.960868
1937,13.932622,13.860667,13.991891,13.953371,13.765334,13.874817,13.884715,13.881304,13.798231,13.751905,13.934939
1938,13.862089,13.905315,13.884240,13.991228,13.877351,13.585398,13.770326,13.930305,13.794692,13.826440,13.923053
1939,13.690228,13.951204,13.677388,13.811571,13.917855,13.711029,13.723653,13.853845,13.753978,13.695389,13.683248
1940,13.793902,13.885248,13.785100,13.828592,13.725775,13.867793,13.803731,13.700662,13.805074,13.697950,13.691834
1941,13.974553,14.070125,13.614965,13.658660,13.620730,13.903747,13.863771,13.857343,13.819512,13.707770,13.780638
1942,13.979339,13.853725,13.440099,13.784728,13.651000,13.733124,13.755956,13.655649,13.845122,13.832370,13.819002
1943,13.875416,13.805817,13.505817,13.829448,13.787980,13.863565,13.896526,13.626129,14.027879,13.915161,13.865616
1944,13.806482,13.953898,13.547533,13.558577,13.778160,13.924433,13.942918,13.713462,13.856392,13.745485,13.986578
1945,14.049659,13.832773,13.757060,13.577800,13.845014,13.801589,13.747152,13.796185,13.747564,13.701609,14.013258
1946,13.957946,13.625407,13.776104,13.619466,13.894256,13.823694,13.701860,13.754302,13.810817,13.615818,13.927056
1947,13.746840,13.664258,13.681045,13.715428,13.851034,13.873782,13.756127,13.823882,13.852996,13.727433,14.015998
1948,13.717549,13.627710,13.734228,13.721343,13.962713,14.064914,13.863394,13.841175,13.968880,13.698965,13.904993
1949,13.778573,13.849852,13.793965,13.804357,13.713032,13.918016,13.960002,13.761517,13.691167,13.674101,13.800613
1950,13.847012,13.634683,13.894331,13.543308,13.630169,13.712225,13.728241,13.661492,13.789905,13.586215,13.819392
1951,13.776490,13.447049,13.831642,13.530119,13.737201,13.679207,13.876461,13.752058,13.801959,13.670329,13.687280
1952,13.891096,13.554048,13.829285,13.626087,13.791244,13.755490,13.945647,13.891899,13.798598,13.712977,13.812360
1953,13.863453,13.754898,13.584527,13.720924,13.681665,13.775525,13.778154,13.778108,13.687919,13.653601,13.851160
1954,13.813384,13.665248,13.594128,13.707210,13.774418,13.662651,13.718907,13.853777,13.712305,13.768457,13.714827
1955,13.898199,13.544604,13.699985,13.756935,13.907946,13.696914,13.859624,13.564357,13.792231,13.613154,13.834477
1956,13.715386,13.620218,13.844630,13.774840,13.729661,13.706097,13.714310,13.596764,13.855529,13.693684,13.852859
1957,13.741264,13.574909,13.850784,13.659866,13.736076,13.833785,13.532177,13.628044,13.899336,13.967815,13.818953
1958,13.812037,13.754863,13.772583,13.698616,13.724922,13.641697,13.583333,13.702793,13.856162,13.752571,13.846960
1959,13.847386,13.834172,13.645710,13.847339,13.373330,13.605254,13.741280,13.674525,13.618385,13.660035,13.754146
1960,13.946114,13.700799,13.823947,13.735225,13.461706,13.693568,13.706180,13.653566,13.536620,13.772311,13.581083
1961,13.969737,13.560639,13.817358,13.607623,13.639259,13.647812,13.783137,13.797741,13.657906,13.684351,13.658434
1962,13.797336,13.689709,13.742452,13.713602,13.408134,13.482652,13.782204,13.800488,13.741497,13.598432,13.697908
1963,13.820416,13.614094,13.692117,13.636202,13.329902,13.488154,13.699251,13.452028,13.809882,13.500316,13.645193
1964,13.557548,13.469639,13.735377,13.646839,13.485597,13.712545,13.670705,13.543119,13.649576,13.477527,13.599316
1965,13.607687,13.665997,13.567629,13.505676,13.612904,13.708399,13.505075,13.543906,13.504163,13.586780,13.655114
1966,13.487441,13.554896,13.505761,13.377713,13.617477,13.434174,13.451941,13.518916,13.587404,13.639394,13.604200
1967,13.341955,13.454435,13.399323,13.539779,13.364676,13.551319,13.700551,13.745892,13.552901,13.600302,13.573266
1968,13.520645,13.420582,13.559387,13.473902,13.285052,13.821670,13.795184,13.666087,13.374112,13.345969,13.521660
1969,13.628343,13.384091,13.607627,13.408423,13.387542,13.618761,13.571955,13.521951,13.516076,13.621553,13.448706
1970,13.550234,13.490681,13.438602,13.437201,13.427076,13.655956,13.607926,13.636331,13.606740,13.593791,13.411927
1971,13.597921,13.399130,13.442849,13.531781,13.366370,13.588666,13.800904,13.666657,13.484626,13.602889,13.437143
1972,13.500463,13.406846,13.406004,13.418475,13.609195,13.516835,13.454581,13.474758,13.445960,13.538251,13.364851
1973,13.544931,13.319819,13.243155,13.485285,13.610794,13.556657,13.359743,13.488760,13.461499,13.558735,13.351798
1974,13.754879,13.526883,13.347118,13.582245,13.281656,13.440848,13.364387,13.392186,13.483583,13.512837,13.147375
1975,13.548694,13.373615,13.556926,13.372313,13.276481,13.333626,13.466185,13.329039,13.561348,13.539632,13.218752
1976,13.343788,13.448954,13.385594,13.471203,13.418071,13.447070,13.471866,13.454779,13.462192,13.548057,13.346924
1977,13.349681,13.247858,13.392300,13.668923,13.556338,13.376222,13.523822,13.421692,13.433634,13.442688,13.418552
1978,13.393054,13.408563,13.481883,13.374693,13.576159,13.482835,13.504254,13.414503,13.603914,13.545904,13.388230
1979,13.440126,13.501991,13.596270,13.528540,13.482797,13.394814,13.529077,13.473991,13.539640,13.670529,13.482193
1980,13.130039,13.553918,13.421395,13.373795,13.347656,13.405001,13.720756,13.722990,13.362268,13.343564,13.321118
1981,13.186987,13.343315,13.301293,13.289861,13.294186,13.459246,13.424804,13.647468,13.468361,13.207026,13.281245
1982,13.420955,13.406778,13.299905,13.298011,13.319026,13.493850,13.369557,13.376844,13.540784,13.350053,13.076781
1983,13.287430,13.464187,13.338799,13.377547,13.368145,13.332566,13.414001,13.440228,13.282893,13.519704,12.995450
1984,13.180890,13.461769,13.447016,13.339660,13.386578,13.225439,13.337273,13.311831,13.362889,13.431197,13.170663
1985,13.326898,13.309864,13.346379,13.471268,13.420316,13.328716,13.266637,13.193067,13.235111,13.307024,13.119962
1986,13.508802,13.195131,13.480039,13.462048,13.605419,13.349927,13.237124,13.260238,13.242926,13.349327,13.168573
1987,13.559475,13.259781,13.352532,13.283444,13.453990,13.335936,13.379861,13.305729,13.256848,13.357784,13.052181
1988,13.496131,13.382481,13.266668,13.459613,13.290599,13.252590,13.359125,13.137425,13.229461,13.364563,13.196260
1989,13.293407,13.395626,13.331041,13.465890,13.346234,13.573657,13.249830,13.109617,13.259494,13.516464,13.225842
1990,13.352940,13.351735,13.324007,13.388399,13.404643,13.403728,13.234132,13.271473,13.397303,13.407521,13.137041
1991,13.287349,13.270457,13.450906,13.306216,13.306869,13.330427,13.308327,13.583993,13.495856,13.475562,13.174916
1992,13.372597,13.409184,13.478005,13.209061,13.307073,13.217924,13.236481,13.611789,13.516558,13.613691,13.204601
1993,13.404654,13.290919,13.274527,13.120257,13.070878,13.176401,13.139962,13.254850,13.477921,13.290661,13.163921
1994,13.679735,13.282493,13.078424,13.181204,13.060275,13.171206,13.239504,13.267194,13.620888,13.237971,13.108159
1995,13.548943,13.223116,13.104476,13.245660,13.058500,13.293961,13.298381,13.334960,13.500799,13.278081,13.188493
1996,13.500490,13.296066,13.153120,13.452148,13.210846,13.336002,13.222223,13.388518,13.366513,13.269829,13.289657
1997,13.482397,13.245805,13.225465,13.426709,13.285637,13.233905,13.186747,13.203756,13.343854,13.278393,13.205935
1998,13.227444,13.211527,13.361484,13.381412,13.316380,13.145773,13.278699,13.254391,13.454781,13.392442,13.221546
1999,13.056982,13.150968,13.370285,13.565403,13.387976,13.085092,13.246789,13.242617,13.572201,13.458239,13.343458
2000,13.331315,13.168469,13.140673,13.526509,13.282108,13.215296,13.226535,13.156650,13.649689,13.236605,13.470544
2001,13.386840,13.327349,13.172930,13.275131,13.203176,13.312752,13.071849,13.211415,13.628675,13.243341,13.495039
2002,13.655970,13.318121,13.279306,13.162743,13.231647,13.274557,13.184611,13.180702,13.380668,13.316181,13.400771
2003,13.699338,13.449374,13.324739,13.336560,13.367751,12.993661,13.198072,13.210505,13.407193,13.362112,13.377033
2004,13.506444,13.463119,13.219774,13.440556,13.322744,13.166782,13.073566,13.440408,13.486613,13.355973,13.225517
2005,13.460683,13.564868,13.278680,13.410671,13.357699,13.282545,13.104130,13.429467,13.467581,13.168671,13.106635
2006,13.303928,13.405919,13.197302,13.261893,13.395321,13.169222,13.251899,13.196477,13.520162,13.256517,13.156535
2007,13.344189,13.421862,13.009417,13.444694,13.209350,13.184289,13.454025,13.388148,13.481175,13.367232,13.239927
2008,13.416402,13.195527,13.254399,13.577864,13.325816,13.291548,13.249133,13.341544,13.375793,13.337658,13.244501
2009,13.362730,13.161249,13.261700,13.346239,13.438556,13.071173,13.340262,13.267038,13.383888,13.235314,13.264385
2010,13.455944,13.227636,13.376140,13.377663,13.388575,13.030351,13.198646,13.409012,13.529254,13.186698,13.231743
2011,13.395785,13.446888,13.249589,13.260068,13.274523,13.160168,13.139955,13.227957,13.495606,13.383162,12.960814
2012,13.332734,13.169555,13.080331,13.203102,13.414745,13.134334,13.150001,13.253080,13.330631,13.135477,13.070735
2013,13.250361,13.294833,13.268906,13.225133,13.397450,13.153371,13.214365,13.423885,13.325100,13.171081,13.465375
2014,13.424421,13.279073,13.221928,13.388153,13.335072,13.135352,13.250454,13.380228,13.395439,13.220432,13.554766
2015,13.515771,13.294720,13.117346,13.401446,13.474294,13.173203,13.077400,13.349443,13.228483,13.107945,13.543609
2016,13.154705,13.306984,13.250800,13.153507,13.525865,13.252635,13.108560,13.286733,13.255005,13.223259,13.576507
2017,13.170912,13.267907,13.388268,13.186634,13.418382,13.160343,13.219461,13.330757,13.363038,13.299736,13.451358
2018,13.194490,13.318585,13.178366,13.327509,13.308980,12.891046,13.246842,13.356103,13.479762,13.204721,13.474230
2019,13.150113,13.125243,13.261974,13.356549,13.252050,13.020380,13.135415,13.133307,13.325166,12.871841,13.248506
2020,13.135241,13.183793,13.192923,13.376996,13.329621,13.220064,13.236174,12.986107,13.428247,12.974101,13.225595
2021,12.953302,13.273210,13.145407,13.136880,13.276675,13.412019,13.334074,13.024857,13.470067,13.199021,13.174605
2022,12.948417,13.269767,13.196475,13.023374,13.189001,13.489929,13.458306,13.031317,13.298978,13.364683,13.149003
2023,13.160530,13.245115,13.299448,13.038189,13.181459,13.268628,13.267431,13.123447,13.084513,13.202489,13.096773
2024,13.281744,13.363128,13.307726,13.117304,13.418335,13.214484,13.173714,13.242817,13.141162,13.085976,13.100916
2025,13.368055,13.213833,13.458851,13.219141,13.456659,13.206926,13.340786,13.209644,13.258266,13.253297,13.072165
2026,13.414893,13.234823,13.345033,13.110500,13.243093,13.233586,13.545100,13.104444,13.329509,13.311433,13.066551
2027,13.384031,13.065128,13.314575,13.153337,13.198658,13.370785,13.464935,13.275144,13.296446,13.362020,13.090335
2028,13.371493,13.067927,13.470672,13.384644,13.316728,13.393700,13.404868,13.456464,13.339351,13.228231,13.168613
2029,13.327441,13.080905,13.589418,13.183399,13.316583,13.425991,13.307876,13.346692,13.395020,13.360389,13.236656
2030,13.167969,13.132778,13.459477,13.058671,13.402628,13.528543,13.135808,13.110449,13.171320,13.572482,13.208789
2031,13.337915,13.085989,13.405258,13.061740,13.240267,13.294770,13.086932,13.122591,13.272059,13.644540,13.098475
2032,13.312856,13.164081,13.250346,13.023091,13.119964,13.167321,13.119075,13.170457,13.240215,13.517116,13.044761
2033,13.313286,13.208101,13.059977,13.006374,13.204988,12.993841,13.090964,13.132288,13.057751,13.393677,13.251804
2034,13.222527,13.282446,13.190578,13.198922,13.331005,13.027828,13.050671,13.180376,12.917268,13.460747,13.202749
2035,13.092270,13.193500,13.368679,13.259804,13.302832,13.083197,13.032692,13.179025,13.118978,13.416151,13.347878
2036,13.245630,13.019569,13.419069,13.179418,13.289645,13.122662,13.099094,13.234033,13.163280,13.501136,13.302967
2037,13.168923,13.217351,13.187935,13.192460,13.180979,13.219376,13.152705,13.054177,13.076392,13.567052,13.268288
2038,13.027749,13.268181,13.316258,13.299224,13.066755,13.197253,13.433189,12.919315,13.152252,13.389971,13.286284
2039,13.076497,13.306057,13.205090,13.171517,13.030025,13.254316,13.531371,12.809597,13.059771,13.268563,13.366260
2040,13.104972,13.440837,13.233808,13.144065,13.184952,13.324795,13.323179,12.906006,13.051687,13.200461,13.314498
2041,13.199079,13.465206,13.231972,13.166679,13.262113,13.397087,13.133709,12.962751,13.312536,13.191509,13.283837
2042,13.379089,13.535366,13.254723,13.042481,13.441556,13.455769,13.224475,13.169320,13.321306,13.277785,13.173229
2043,13.201709,13.573831,13.254037,13.167703,13.391175,13.167404,13.295191,13.213480,12.998428,13.542879,13.187840
2044,13.126495,13.367397,13.220228,13.086064,13.252064,13.258571,13.262197,13.259580,13.016508,13.375007,13.192742
2045,13.114882,13.270073,13.196565,13.238184,13.263026,13.302789,13.246891,13.188707,12.910009,13.225188,13.280128
2046,13.166841,13.355517,13.171246,13.195934,13.236222,13.092552,13.116853,13.119111,12.973150,13.212095,13.140476
2047,13.260306,13.244808,13.190317,13.150732,13.083111,13.192103,13.175299,13.072070,13.157201,13.322322,13.181430
2048,13.275401,13.309713,13.156545,13.081888,13.185019,13.320299,13.364052,13.067867,13.022949,13.276696,13.111900
2049,13.081560,13.358810,13.159105,13.058319,13.373405,13.308678,13.154133,13.083857,12.968766,13.365753,13.275590
2050,13.196522,13.318794,13.282086,13.085751,13.193008,13.321802,13.124666,13.099256,13.096054,13.546864,13.101573
