var,year,source,value,unit
TREFHT,2015,cesm2,-0.039428923980205255,K
TREFHT,2016,cesm2,-0.05039778548145435,K
TREFHT,2017,cesm2,0.03639023930630003,K
TREFHT,2018,cesm2,0.03185518427759426,K
TREFHT,2019,cesm2,0.03192607451059715,K
TREFHT,2020,cesm2,0.03520626965168461,K
TREFHT,2021,cesm2,0.12038186281497687,K
TREFHT,2022,cesm2,0.22342061626172338,K
TREFHT,2023,cesm2,0.2540230924614413,K
TREFHT,2024,cesm2,0.18413161874054573,K
TREFHT,2025,cesm2,0.19752830290165413,K
TREFHT,2026,cesm2,0.21916388486391547,K
TREFHT,2027,cesm2,0.30016314633891383,K
TREFHT,2028,cesm2,0.2738492813305573,K
TREFHT,2029,cesm2,0.26449714285532444,K
TREFHT,2030,cesm2,0.32116213173213204,K
TREFHT,2031,cesm2,0.3099265499957635,K
TREFHT,2032,cesm2,0.3474109340248237,K
TREFHT,2033,cesm2,0.37558571379097927,K
TREFHT,2034,cesm2,0.22390686752111222,K
TREFHT,2035,cesm2,0.24839027805548497,K
TREFHT,2036,cesm2,0.3433162926550466,K
TREFHT,2037,cesm2,0.32314051632032204,K
TREFHT,2038,cesm2,0.3275811616404205,K
TREFHT,2039,cesm2,0.3560085829658952,K
TREFHT,2040,cesm2,0.40166468753204043,K
TREFHT,2041,cesm2,0.3801601790562614,K
TREFHT,2042,cesm2,0.44712583062120714,K
TREFHT,2043,cesm2,0.42747219750917864,K
TREFHT,2044,cesm2,0.46914109421713945,K
TREFHT,2045,cesm2,0.5361514000000263,K
TREFHT,2046,cesm2,0.4254840346387816,K
TREFHT,2047,cesm2,0.48759122165284907,K
TREFHT,2048,cesm2,0.5533785356436418,K
TREFHT,2049,cesm2,0.5020074410651176,K
TREFHT,2050,cesm2,0.5638020004684421,K
TREFHT,2051,cesm2,0.5762846097498731,K
TREFHT,2052,cesm2,0.626788148899859,K
TREFHT,2053,cesm2,0.6050893718799237,K
TREFHT,2054,cesm2,0.5775958503234762,K
TREFHT,2055,cesm2,0.6185245309610856,K
TREFHT,2056,cesm2,0.5923912165621061,K
TREFHT,2057,cesm2,0.5703952714263636,K
TREFHT,2058,cesm2,0.659077284111298,K
TREFHT,2059,cesm2,0.6989016654751055,K
TREFHT,2060,cesm2,0.5966976028411644,K
TREFHT,2061,cesm2,0.6179602397171955,K
TREFHT,2062,cesm2,0.6940794743292074,K
TREFHT,2063,cesm2,0.7373959774342538,K
TREFHT,2064,cesm2,0.7524304095676797,K
TREFHT,2065,cesm2,0.7826390431727255,K
TREFHT,2066,cesm2,0.7426233258462673,K
TREFHT,2067,cesm2,0.7507284920169788,K
TREFHT,2068,cesm2,0.7650048694071572,K
TREFHT,2069,cesm2,0.7819038245433063,K
TREFHT,2070,cesm2,0.7743839026728914,K
TREFHT,2071,cesm2,0.7593423811305939,K
TREFHT,2072,cesm2,0.8012221890460154,K
TREFHT,2073,cesm2,0.8535530880615525,K
TREFHT,2074,cesm2,0.7504083770745389,K
TREFHT,2075,cesm2,0.72971433677791,K
TREFHT,2076,cesm2,0.8147324685534407,K
TREFHT,2077,cesm2,0.8096937327296807,K
TREFHT,2078,cesm2,0.7960866220066123,K
TREFHT,2079,cesm2,0.7563315964540323,K
TREFHT,2015,cesm2_se,0.05922761998095848,K
TREFHT,2016,cesm2_se,0.055239841131733504,K
TREFHT,2017,cesm2_se,0.05189453868747647,K
TREFHT,2018,cesm2_se,0.04245036222116909,K
TREFHT,2019,cesm2_se,0.054359245847521935,K
TREFHT,2020,cesm2_se,0.0462500784086231,K
TREFHT,2021,cesm2_se,0.051785194391124015,K
TREFHT,2022,cesm2_se,0.05265762177624529,K
TREFHT,2023,cesm2_se,0.05307927669049248,K
TREFHT,2024,cesm2_se,0.05729774775217076,K
TREFHT,2025,cesm2_se,0.06635491989187542,K
TREFHT,2026,cesm2_se,0.050021489370117314,K
TREFHT,2027,cesm2_se,0.043482917311565984,K
TREFHT,2028,cesm2_se,0.07154084536176478,K
TREFHT,2029,cesm2_se,0.06563625941198625,K
TREFHT,2030,cesm2_se,0.05120446219330665,K
TREFHT,2031,cesm2_se,0.07770505947687086,K
TREFHT,2032,cesm2_se,0.06204034546948593,K
TREFHT,2033,cesm2_se,0.05035603894302903,K
TREFHT,2034,cesm2_se,0.04963500268524335,K
TREFHT,2035,cesm2_se,0.05312017904927006,K
TREFHT,2036,cesm2_se,0.07574526132367577,K
TREFHT,2037,cesm2_se,0.06164388872405352,K
TREFHT,2038,cesm2_se,0.06266549880705195,K
TREFHT,2039,cesm2_se,0.03808691228825233,K
TREFHT,2040,cesm2_se,0.05694953254490763,K
TREFHT,2041,cesm2_se,0.05422464898331315,K
TREFHT,2042,cesm2_se,0.055924207918925564,K
TREFHT,2043,cesm2_se,0.073712038419976,K
TREFHT,2044,cesm2_se,0.06652252411634245,K
TREFHT,2045,cesm2_se,0.062236878332455225,K
TREFHT,2046,cesm2_se,0.05267768563413535,K
TREFHT,2047,cesm2_se,0.061446812751315305,K
TREFHT,2048,cesm2_se,0.05724117626751606,K
TREFHT,2049,cesm2_se,0.05374879273813729,K
TREFHT,2050,cesm2_se,0.05285252330627787,K
TREFHT,2051,cesm2_se,0.06673021171046321,K
TREFHT,2052,cesm2_se,0.06434081083910445,K
TREFHT,2053,cesm2_se,0.052491205879486774,K
TREFHT,2054,cesm2_se,0.050099994512612864,K
TREFHT,2055,cesm2_se,0.046046142744324024,K
TREFHT,2056,cesm2_se,0.05538594454899414,K
TREFHT,2057,cesm2_se,0.05309732931760393,K
TREFHT,2058,cesm2_se,0.05309657490372436,K
TREFHT,2059,cesm2_se,0.05390824107484302,K
TREFHT,2060,cesm2_se,0.07365135148176331,K
TREFHT,2061,cesm2_se,0.04654809399895227,K
TREFHT,2062,cesm2_se,0.04417147442890058,K
TREFHT,2063,cesm2_se,0.04347398809752524,K
TREFHT,2064,cesm2_se,0.056327222150932534,K
TREFHT,2065,cesm2_se,0.04200663984971583,K
TREFHT,2066,cesm2_se,0.048321727918949745,K
TREFHT,2067,cesm2_se,0.05913798503314346,K
TREFHT,2068,cesm2_se,0.05299799853681393,K
TREFHT,2069,cesm2_se,0.05634980004028068,K
TREFHT,2070,cesm2_se,0.07644403229103248,K
TREFHT,2071,cesm2_se,0.06025107796124462,K
TREFHT,2072,cesm2_se,0.03456163591962322,K
TREFHT,2073,cesm2_se,0.053480915921944365,K
TREFHT,2074,cesm2_se,0.06753849529995527,K
TREFHT,2075,cesm2_se,0.06060235513519385,K
TREFHT,2076,cesm2_se,0.05343750567204464,K
TREFHT,2077,cesm2_se,0.05286181387441771,K
TREFHT,2078,cesm2_se,0.05548503717033232,K
TREFHT,2079,cesm2_se,0.059073985367345164,K
TREFHT,2015,emulator,0.0008380592136436604,K
TREFHT,2016,emulator,0.02599746770784428,K
TREFHT,2017,emulator,0.05585061126565982,K
TREFHT,2018,emulator,0.09051254702418277,K
TREFHT,2019,emulator,0.13151679526404259,K
TREFHT,2020,emulator,0.17873785248674245,K
TREFHT,2021,emulator,0.2101600418438494,K
TREFHT,2022,emulator,0.2154911819411094,K
TREFHT,2023,emulator,0.22996596035457628,K
TREFHT,2024,emulator,0.2469471709343818,K
TREFHT,2025,emulator,0.26781998347293623,K
TREFHT,2026,emulator,0.28819322218208754,K
TREFHT,2027,emulator,0.31142200410038257,K
TREFHT,2028,emulator,0.32742476997128733,K
TREFHT,2029,emulator,0.33739861834346385,K
TREFHT,2030,emulator,0.3469220014793013,K
TREFHT,2031,emulator,0.36655279919439465,K
TREFHT,2032,emulator,0.3747004749334675,K
TREFHT,2033,emulator,0.3779333938109719,K
TREFHT,2034,emulator,0.3833175567160545,K
TREFHT,2035,emulator,0.37699462463824673,K
TREFHT,2036,emulator,0.39705513655719926,K
TREFHT,2037,emulator,0.3997065543436431,K
TREFHT,2038,emulator,0.40986391788678667,K
TREFHT,2039,emulator,0.3884740822251658,K
TREFHT,2040,emulator,0.3944917536571175,K
TREFHT,2041,emulator,0.4255324484437004,K
TREFHT,2042,emulator,0.4103281149402527,K
TREFHT,2043,emulator,0.4064797672957603,K
TREFHT,2044,emulator,0.43218468022311995,K
TREFHT,2045,emulator,0.4351435503416816,K
TREFHT,2046,emulator,0.426885300652863,K
TREFHT,2047,emulator,0.4291966498447728,K
TREFHT,2048,emulator,0.452683034928441,K
TREFHT,2049,emulator,0.4323299629339523,K
TREFHT,2050,emulator,0.4556808936259529,K
TREFHT,2051,emulator,0.43061804655820524,K
TREFHT,2052,emulator,0.43058162803991706,K
TREFHT,2053,emulator,0.43292182475329355,K
TREFHT,2054,emulator,0.4209965235659787,K
TREFHT,2055,emulator,0.4054907333647044,K
TREFHT,2056,emulator,0.39828164109443875,K
TREFHT,2057,emulator,0.39511003798544664,K
TREFHT,2058,emulator,0.3802676336984483,K
TREFHT,2059,emulator,0.41406301900218523,K
TREFHT,2060,emulator,0.3691951669302078,K
TREFHT,2061,emulator,0.375770684994464,K
TREFHT,2062,emulator,0.3556685715038945,K
TREFHT,2063,emulator,0.3493609209175048,K
TREFHT,2064,emulator,0.33889640546775723,K
TREFHT,2065,emulator,0.3419145502883296,K
TREFHT,2066,emulator,0.3257117176697619,K
TREFHT,2067,emulator,0.31943404048005775,K
TREFHT,2068,emulator,0.3055619613496532,K
TREFHT,2069,emulator,0.29901292593939743,K
TREFHT,2070,emulator,0.27540873388807796,K
TREFHT,2071,emulator,0.27246168416321837,K
TREFHT,2072,emulator,0.29206651157939945,K
TREFHT,2073,emulator,0.2597022750905573,K
TREFHT,2074,emulator,0.247919326582835,K
TREFHT,2075,emulator,0.2319631150027064,K
TREFHT,2076,emulator,0.22148467152640094,K
TREFHT,2077,emulator,0.20926315089373304,K
TREFHT,2078,emulator,0.1910867705539907,K
TREFHT,2079,emulator,0.2136060263539079,K
TREFHT,2015,emulator_se,0.06726013407669847,K
TREFHT,2016,emulator_se,0.08413087263022642,K
TREFHT,2017,emulator_se,0.0584148951413828,K
TREFHT,2018,emulator_se,0.07583482033986154,K
TREFHT,2019,emulator_se,0.07067568840088197,K
TREFHT,2020,emulator_se,0.06836622113083822,K
TREFHT,2021,emulator_se,0.07057131699553996,K
TREFHT,2022,emulator_se,0.07808539741655095,K
TREFHT,2023,emulator_se,0.06817888335849003,K
TREFHT,2024,emulator_se,0.07254743895688014,K
TREFHT,2025,emulator_se,0.06238674603199195,K
TREFHT,2026,emulator_se,0.051780352090043856,K
TREFHT,2027,emulator_se,0.0585257071215147,K
TREFHT,2028,emulator_se,0.03326565586389593,K
TREFHT,2029,emulator_se,0.06192789413336651,K
TREFHT,2030,emulator_se,0.09346705753034525,K
TREFHT,2031,emulator_se,0.05130464779038312,K
TREFHT,2032,emulator_se,0.09424126352827637,K
TREFHT,2033,emulator_se,0.07116140323810112,K
TREFHT,2034,emulator_se,0.057998628038341715,K
TREFHT,2035,emulator_se,0.06735413401972026,K
TREFHT,2036,emulator_se,0.06865111319064508,K
TREFHT,2037,emulator_se,0.04971518228547071,K
TREFHT,2038,emulator_se,0.044839627499484745,K
TREFHT,2039,emulator_se,0.0796074611175212,K
TREFHT,2040,emulator_se,0.060165428940182376,K
TREFHT,2041,emulator_se,0.07457806946495413,K
TREFHT,2042,emulator_se,0.0684057517506692,K
TREFHT,2043,emulator_se,0.0537839428616295,K
TREFHT,2044,emulator_se,0.06705558439820127,K
TREFHT,2045,emulator_se,0.07191853798990822,K
TREFHT,2046,emulator_se,0.06846036102584052,K
TREFHT,2047,emulator_se,0.07267307875877616,K
TREFHT,2048,emulator_se,0.07636594180342009,K
TREFHT,2049,emulator_se,0.03079754517631702,K
TREFHT,2050,emulator_se,0.07133245752317874,K
TREFHT,2051,emulator_se,0.054185638301316986,K
TREFHT,2052,emulator_se,0.055310396760794876,K
TREFHT,2053,emulator_se,0.058396705865047936,K
TREFHT,2054,emulator_se,0.07108831475709905,K
TREFHT,2055,emulator_se,0.04717364126184836,K
TREFHT,2056,emulator_se,0.05114627758549148,K
TREFHT,2057,emulator_se,0.06325924972075724,K
TREFHT,2058,emulator_se,0.055173783977353695,K
TREFHT,2059,emulator_se,0.07191676532527344,K
TREFHT,2060,emulator_se,0.08150260939624096,K
TREFHT,2061,emulator_se,0.05559121222579686,K
TREFHT,2062,emulator_se,0.047880332968036406,K
TREFHT,2063,emulator_se,0.06255984626996626,K
TREFHT,2064,emulator_se,0.07754983696327718,K
TREFHT,2065,emulator_se,0.08989659008612129,K
TREFHT,2066,emulator_se,0.05823198856754946,K
TREFHT,2067,emulator_se,0.06389399471811935,K
TREFHT,2068,emulator_se,0.049767163749430715,K
TREFHT,2069,emulator_se,0.09157442864791315,K
TREFHT,2070,emulator_se,0.02622889023114556,K
TREFHT,2071,emulator_se,0.0442000410805832,K
TREFHT,2072,emulator_se,0.04880931491667064,K
TREFHT,2073,emulator_se,0.07304750164157191,K
TREFHT,2074,emulator_se,0.04735868348341523,K
TREFHT,2075,emulator_se,0.06014594536030393,K
TREFHT,2076,emulator_se,0.05622350034787514,K
TREFHT,2077,emulator_se,0.07321616815233346,K
TREFHT,2078,emulator_se,0.03393598460519087,K
TREFHT,2079,emulator_se,0.06880138707364379,K
PRECT,2015,cesm2,9.410139885090985e-05,mm/day
PRECT,2016,cesm2,-0.007662959287759286,mm/day
PRECT,2017,cesm2,0.0016975653690152193,mm/day
PRECT,2018,cesm2,0.004935303040944028,mm/day
PRECT,2019,cesm2,0.003633574668231887,mm/day
PRECT,2020,cesm2,0.00376304874566058,mm/day
PRECT,2021,cesm2,0.013969959770268492,mm/day
PRECT,2022,cesm2,0.025789206910303175,mm/day
PRECT,2023,cesm2,0.03469900201278264,mm/day
PRECT,2024,cesm2,0.0217925692730776,mm/day
PRECT,2025,cesm2,0.028625613339496425,mm/day
PRECT,2026,cesm2,0.03531158162292947,mm/day
PRECT,2027,cesm2,0.03797772656964504,mm/day
PRECT,2028,cesm2,0.040585972007331605,mm/day
PRECT,2029,cesm2,0.03739144595586019,mm/day
PRECT,2030,cesm2,0.04210998700416946,mm/day
PRECT,2031,cesm2,0.04321696490574922,mm/day
PRECT,2032,cesm2,0.04890710820570687,mm/day
PRECT,2033,cesm2,0.055520285973261085,mm/day
PRECT,2034,cesm2,0.04068479858697893,mm/day
PRECT,2035,cesm2,0.035020131579094116,mm/day
PRECT,2036,cesm2,0.05703369943046255,mm/day
PRECT,2037,cesm2,0.04112988595831579,mm/day
PRECT,2038,cesm2,0.050671729497466345,mm/day
PRECT,2039,cesm2,0.04633116945636706,mm/day
PRECT,2040,cesm2,0.05427677261012587,mm/day
PRECT,2041,cesm2,0.05038723922224664,mm/day
PRECT,2042,cesm2,0.06356252546929042,mm/day
PRECT,2043,cesm2,0.055568889400129606,mm/day
PRECT,2044,cesm2,0.05369642035505873,mm/day
PRECT,2045,cesm2,0.06953563032266752,mm/day
PRECT,2046,cesm2,0.062162992866292566,mm/day
PRECT,2047,cesm2,0.05166558716495251,mm/day
PRECT,2048,cesm2,0.0757522170429481,mm/day
PRECT,2049,cesm2,0.055915004034865046,mm/day
PRECT,2050,cesm2,0.05969451814499127,mm/day
PRECT,2051,cesm2,0.06616114300991827,mm/day
PRECT,2052,cesm2,0.06930554769978503,mm/day
PRECT,2053,cesm2,0.07751680156096352,mm/day
PRECT,2054,cesm2,0.07435055032156956,mm/day
PRECT,2055,cesm2,0.06966985812408,mm/day
PRECT,2056,cesm2,0.07625665665659342,mm/day
PRECT,2057,cesm2,0.06252759021155496,mm/day
PRECT,2058,cesm2,0.06883704761774156,mm/day
PRECT,2059,cesm2,0.0852531258984297,mm/day
PRECT,2060,cesm2,0.06915430680314216,mm/day
PRECT,2061,cesm2,0.06315657968464539,mm/day
PRECT,2062,cesm2,0.07618928963402638,mm/day
PRECT,2063,cesm2,0.07892986844987071,mm/day
PRECT,2064,cesm2,0.07014009110496211,mm/day
PRECT,2065,cesm2,0.08553954576625822,mm/day
PRECT,2066,cesm2,0.07982617833058692,mm/day
PRECT,2067,cesm2,0.07973783240594612,mm/day
PRECT,2068,cesm2,0.07813362016834491,mm/day
PRECT,2069,cesm2,0.08058389416527323,mm/day
PRECT,2070,cesm2,0.0834151766821698,mm/day
PRECT,2071,cesm2,0.07034654333026902,mm/day
PRECT,2072,cesm2,0.08259920597457437,mm/day
PRECT,2073,cesm2,0.0871638050737622,mm/day
PRECT,2074,cesm2,0.08336993114612135,mm/day
PRECT,2075,cesm2,0.06939743460791314,mm/day
PRECT,2076,cesm2,0.08184905104222828,mm/day
PRECT,2077,cesm2,0.08220533802002272,mm/day
PRECT,2078,cesm2,0.07767327382618916,mm/day
PRECT,2079,cesm2,0.085564663986049,mm/day
PRECT,2015,cesm2_se,0.00621763362080784,mm/day
PRECT,2016,cesm2_se,0.006894594682622981,mm/day
PRECT,2017,cesm2_se,0.005412984854824495,mm/day
PRECT,2018,cesm2_se,0.00612945618462136,mm/day
PRECT,2019,cesm2_se,0.006078105913503083,mm/day
PRECT,2020,cesm2_se,0.007159712363192067,mm/day
PRECT,2021,cesm2_se,0.007146402181617322,mm/day
PRECT,2022,cesm2_se,0.007623843442873658,mm/day
PRECT,2023,cesm2_se,0.006160562512576419,mm/day
PRECT,2024,cesm2_se,0.008279099197889014,mm/day
PRECT,2025,cesm2_se,0.006829101086226112,mm/day
PRECT,2026,cesm2_se,0.008770584270038238,mm/day
PRECT,2027,cesm2_se,0.00610467250683332,mm/day
PRECT,2028,cesm2_se,0.00743272605611896,mm/day
PRECT,2029,cesm2_se,0.007949989939746136,mm/day
PRECT,2030,cesm2_se,0.0066365820390141125,mm/day
PRECT,2031,cesm2_se,0.007973465137206173,mm/day
PRECT,2032,cesm2_se,0.00844882307979262,mm/day
PRECT,2033,cesm2_se,0.0066973968391610475,mm/day
PRECT,2034,cesm2_se,0.007177695543128368,mm/day
PRECT,2035,cesm2_se,0.004373783506983372,mm/day
PRECT,2036,cesm2_se,0.007406168133929128,mm/day
PRECT,2037,cesm2_se,0.007464436886669562,mm/day
PRECT,2038,cesm2_se,0.006999582000010256,mm/day
PRECT,2039,cesm2_se,0.005318000002659714,mm/day
PRECT,2040,cesm2_se,0.005541412555484218,mm/day
PRECT,2041,cesm2_se,0.0076559005788755215,mm/day
PRECT,2042,cesm2_se,0.007043874133979699,mm/day
PRECT,2043,cesm2_se,0.007322464377834394,mm/day
PRECT,2044,cesm2_se,0.006554119677173557,mm/day
PRECT,2045,cesm2_se,0.008659587084124959,mm/day
PRECT,2046,cesm2_se,0.006443359970383626,mm/day
PRECT,2047,cesm2_se,0.006927687241838047,mm/day
PRECT,2048,cesm2_se,0.008256441778705319,mm/day
PRECT,2049,cesm2_se,0.004267905963003274,mm/day
PRECT,2050,cesm2_se,0.0071133959261998805,mm/day
PRECT,2051,cesm2_se,0.00621698206525123,mm/day
PRECT,2052,cesm2_se,0.009639751494984873,mm/day
PRECT,2053,cesm2_se,0.006002567230713419,mm/day
PRECT,2054,cesm2_se,0.005465349301904294,mm/day
PRECT,2055,cesm2_se,0.007351408872751019,mm/day
PRECT,2056,cesm2_se,0.005370364468511161,mm/day
PRECT,2057,cesm2_se,0.008647678448018913,mm/day
PRECT,2058,cesm2_se,0.006702173928221607,mm/day
PRECT,2059,cesm2_se,0.0067848578917465855,mm/day
PRECT,2060,cesm2_se,0.007636663193319874,mm/day
PRECT,2061,cesm2_se,0.004560911329819598,mm/day
PRECT,2062,cesm2_se,0.00612022097149128,mm/day
PRECT,2063,cesm2_se,0.0056420287680614325,mm/day
PRECT,2064,cesm2_se,0.006910647164487305,mm/day
PRECT,2065,cesm2_se,0.005950924184975591,mm/day
PRECT,2066,cesm2_se,0.007273036529515487,mm/day
PRECT,2067,cesm2_se,0.005900139857073781,mm/day
PRECT,2068,cesm2_se,0.00743424169764844,mm/day
PRECT,2069,cesm2_se,0.006107606305561873,mm/day
PRECT,2070,cesm2_se,0.007464410368387827,mm/day
PRECT,2071,cesm2_se,0.00681329480096701,mm/day
PRECT,2072,cesm2_se,0.004670804670437542,mm/day
PRECT,2073,cesm2_se,0.006985218183215386,mm/day
PRECT,2074,cesm2_se,0.008622509123318798,mm/day
PRECT,2075,cesm2_se,0.006535725043474103,mm/day
PRECT,2076,cesm2_se,0.0050869408257738355,mm/day
PRECT,2077,cesm2_se,0.007215280086962789,mm/day
PRECT,2078,cesm2_se,0.005650981462145624,mm/day
PRECT,2079,cesm2_se,0.007234087353987962,mm/day
PRECT,2015,emulator,0.00022215908322564815,mm/day
PRECT,2016,emulator,0.002196011592860536,mm/day
PRECT,2017,emulator,0.004914255619952623,mm/day
PRECT,2018,emulator,0.006954099433582606,mm/day
PRECT,2019,emulator,0.00973226273986283,mm/day
PRECT,2020,emulator,0.01196537066730663,mm/day
PRECT,2021,emulator,0.01416802568717479,mm/day
PRECT,2022,emulator,0.014445037909360803,mm/day
PRECT,2023,emulator,0.0161753982675088,mm/day
PRECT,2024,emulator,0.018087832970481443,mm/day
PRECT,2025,emulator,0.018983685268571193,mm/day
PRECT,2026,emulator,0.02072311535572524,mm/day
PRECT,2027,emulator,0.022643437902987618,mm/day
PRECT,2028,emulator,0.024642232780617945,mm/day
PRECT,2029,emulator,0.024787597751112944,mm/day
PRECT,2030,emulator,0.02636435479167032,mm/day
PRECT,2031,emulator,0.027582377869470154,mm/day
PRECT,2032,emulator,0.027179586273543777,mm/day
PRECT,2033,emulator,0.026848651238318588,mm/day
PRECT,2034,emulator,0.027996160687462357,mm/day
PRECT,2035,emulator,0.02828016235282993,mm/day
PRECT,2036,emulator,0.03032791138660107,mm/day
PRECT,2037,emulator,0.030766474529588805,mm/day
PRECT,2038,emulator,0.030866837950934478,mm/day
PRECT,2039,emulator,0.02983144676380478,mm/day
PRECT,2040,emulator,0.030260074206263976,mm/day
PRECT,2041,emulator,0.032700093529597574,mm/day
PRECT,2042,emulator,0.03199329516404115,mm/day
PRECT,2043,emulator,0.031496409724098395,mm/day
PRECT,2044,emulator,0.03501611349730549,mm/day
PRECT,2045,emulator,0.035489110219689035,mm/day
PRECT,2046,emulator,0.03256858302778198,mm/day
PRECT,2047,emulator,0.03314937648257432,mm/day
PRECT,2048,emulator,0.034213831513651094,mm/day
PRECT,2049,emulator,0.03388283221614374,mm/day
PRECT,2050,emulator,0.035495860254024514,mm/day
PRECT,2051,emulator,0.03254928627259046,mm/day
PRECT,2052,emulator,0.033077789230255394,mm/day
PRECT,2053,emulator,0.03305285519278556,mm/day
PRECT,2054,emulator,0.03314664541521095,mm/day
PRECT,2055,emulator,0.031236471733287363,mm/day
PRECT,2056,emulator,0.030697417310069586,mm/day
PRECT,2057,emulator,0.031173331774377644,mm/day
PRECT,2058,emulator,0.029000036737457435,mm/day
PRECT,2059,emulator,0.031189547079577107,mm/day
PRECT,2060,emulator,0.02796355173061249,mm/day
PRECT,2061,emulator,0.029461845291279154,mm/day
PRECT,2062,emulator,0.02764362703433676,mm/day
PRECT,2063,emulator,0.027238570844542398,mm/day
PRECT,2064,emulator,0.02670256266343296,mm/day
PRECT,2065,emulator,0.026427184622326294,mm/day
PRECT,2066,emulator,0.02561954623433227,mm/day
PRECT,2067,emulator,0.02582187802371072,mm/day
PRECT,2068,emulator,0.025679344434197393,mm/day
PRECT,2069,emulator,0.02451853628829559,mm/day
PRECT,2070,emulator,0.02346375986415783,mm/day
PRECT,2071,emulator,0.02338815521731341,mm/day
PRECT,2072,emulator,0.025833790272137502,mm/day
PRECT,2073,emulator,0.02249564145934535,mm/day
PRECT,2074,emulator,0.021233297969473153,mm/day
PRECT,2075,emulator,0.02108576493803138,mm/day
PRECT,2076,emulator,0.020545729277472002,mm/day
PRECT,2077,emulator,0.020104827840544903,mm/day
PRECT,2078,emulator,0.018714175609653605,mm/day
PRECT,2079,emulator,0.019386280200570205,mm/day
PRECT,2015,emulator_se,0.007444271452549429,mm/day
PRECT,2016,emulator_se,0.008103446495614371,mm/day
PRECT,2017,emulator_se,0.006379250164550014,mm/day
PRECT,2018,emulator_se,0.008277101553489187,mm/day
PRECT,2019,emulator_se,0.007708630330779715,mm/day
PRECT,2020,emulator_se,0.008585767946036332,mm/day
PRECT,2021,emulator_se,0.008657781280444457,mm/day
PRECT,2022,emulator_se,0.010381224479035858,mm/day
PRECT,2023,emulator_se,0.009676662303459618,mm/day
PRECT,2024,emulator_se,0.007932543506003054,mm/day
PRECT,2025,emulator_se,0.004495455871810652,mm/day
PRECT,2026,emulator_se,0.007103149828959226,mm/day
PRECT,2027,emulator_se,0.0076276935504736515,mm/day
PRECT,2028,emulator_se,0.00889017603348119,mm/day
PRECT,2029,emulator_se,0.007364442305832959,mm/day
PRECT,2030,emulator_se,0.006043633385349562,mm/day
PRECT,2031,emulator_se,0.007398253021205458,mm/day
PRECT,2032,emulator_se,0.009361426722809384,mm/day
PRECT,2033,emulator_se,0.006404946811330492,mm/day
PRECT,2034,emulator_se,0.006404435991950826,mm/day
PRECT,2035,emulator_se,0.006979973904082535,mm/day
PRECT,2036,emulator_se,0.007387683393282777,mm/day
PRECT,2037,emulator_se,0.008014901537206595,mm/day
PRECT,2038,emulator_se,0.005647967644186596,mm/day
PRECT,2039,emulator_se,0.006729039191410313,mm/day
PRECT,2040,emulator_se,0.005303539156692537,mm/day
PRECT,2041,emulator_se,0.00346247060343642,mm/day
PRECT,2042,emulator_se,0.008587843153392718,mm/day
PRECT,2043,emulator_se,0.011204468702048186,mm/day
PRECT,2044,emulator_se,0.005621909668409528,mm/day
PRECT,2045,emulator_se,0.011077865583479419,mm/day
PRECT,2046,emulator_se,0.009502189878516427,mm/day
PRECT,2047,emulator_se,0.0097385306017559,mm/day
PRECT,2048,emulator_se,0.010616298209587375,mm/day
PRECT,2049,emulator_se,0.006753370099041715,mm/day
PRECT,2050,emulator_se,0.009860561587371783,mm/day
PRECT,2051,emulator_se,0.0075854617602483495,mm/day
PRECT,2052,emulator_se,0.009898809622067148,mm/day
PRECT,2053,emulator_se,0.005459164711831772,mm/day
PRECT,2054,emulator_se,0.009788622214671167,mm/day
PRECT,2055,emulator_se,0.008230928083950078,mm/day
PRECT,2056,emulator_se,0.012420741505165797,mm/day
PRECT,2057,emulator_se,0.007347851912146369,mm/day
PRECT,2058,emulator_se,0.00987370193261893,mm/day
PRECT,2059,emulator_se,0.0070263890007858576,mm/day
PRECT,2060,emulator_se,0.007843815978723016,mm/day
PRECT,2061,emulator_se,0.00755727934807968,mm/day
PRECT,2062,emulator_se,0.009829614838581375,mm/day
PRECT,2063,emulator_se,0.009571244781659249,mm/day
PRECT,2064,emulator_se,0.007777999417493846,mm/day
PRECT,2065,emulator_se,0.013640191613200035,mm/day
PRECT,2066,emulator_se,0.009645736263898443,mm/day
PRECT,2067,emulator_se,0.004964151780305566,mm/day
PRECT,2068,emulator_se,0.00754093297007055,mm/day
PRECT,2069,emulator_se,0.008060139104781308,mm/day
PRECT,2070,emulator_se,0.006694639007302648,mm/day
PRECT,2071,emulator_se,0.007681077966697963,mm/day
PRECT,2072,emulator_se,0.010191134505011955,mm/day
PRECT,2073,emulator_se,0.009443748394306834,mm/day
PRECT,2074,emulator_se,0.010352024834198465,mm/day
PRECT,2075,emulator_se,0.010610537789954827,mm/day
PRECT,2076,emulator_se,0.005546839129103514,mm/day
PRECT,2077,emulator_se,0.00902118893252132,mm/day
PRECT,2078,emulator_se,0.0060191066662516135,mm/day
PRECT,2079,emulator_se,0.011210548463257601,mm/day
