scenario,source,value,unit
ssp126,emulator,2.320950978747886,degC
ssp126,emulator,2.351579390330402,degC
ssp126,emulator,2.1379972652176225,degC
ssp126,emulator,2.1512453752599487,degC
ssp126,emulator,2.162202320551968,degC
ssp126,emulator,2.2329170649720087,degC
ssp126,emulator,1.8995345015505087,degC
ssp126,emulator,2.1926603303861345,degC
ssp126,emulator,2.0692032989149016,degC
ssp126,emulator,2.2769825665921264,degC
ssp126,emulator,1.8801447348225846,degC
ssp126,emulator,2.094705180544734,degC
ssp126,emulator,2.010524894162666,degC
ssp126,emulator,2.424216407756882,degC
ssp126,emulator,2.1704052959346622,degC
ssp126,emulator,2.236583585229644,degC
ssp126,emulator,2.1192359591174625,degC
ssp126,emulator,2.2361537419880495,degC
ssp126,emulator,2.261587655039575,degC
ssp126,emulator,2.0802038976822974,degC
ssp126,emulator,2.2720620632945536,degC
ssp126,emulator,2.2265826520797365,degC
ssp126,emulator,2.1249043733324786,degC
ssp126,emulator,2.1641873162025806,degC
ssp126,emulator,2.0026890880910013,degC
ssp126,emulator,2.1178136374627936,degC
ssp126,emulator,2.11201175672298,degC
ssp126,emulator,2.211799105976274,degC
ssp126,emulator,2.1626324316516357,degC
ssp126,emulator,1.8289409816361069,degC
ssp126,emulator,2.1219070602041494,degC
ssp126,emulator,2.098449272445217,degC
ssp126,emulator,1.8400546866689176,degC
ssp126,emulator,2.41877571937062,degC
ssp126,emulator,2.3413673331672253,degC
ssp126,emulator,2.096982186774449,degC
ssp126,emulator,2.60151452018024,degC
ssp126,emulator,2.3378449898431395,degC
ssp126,emulator,1.9291704089388588,degC
ssp126,emulator,2.202487405647121,degC
ssp126,emulator,1.987614964486232,degC
ssp126,emulator,2.1680890940385016,degC
ssp126,emulator,2.360996334805561,degC
ssp126,emulator,1.9999274716761182,degC
ssp126,emulator,2.2038497175945846,degC
ssp126,emulator,1.9636379617166444,degC
ssp126,emulator,2.381518103942698,degC
ssp126,emulator,2.2714481871294137,degC
ssp126,emulator,2.086929597336491,degC
ssp126,emulator,2.034164283028433,degC
ssp126,emulator,2.407908570989788,degC
ssp126,emulator,2.162491934207649,degC
ssp126,emulator,2.3255977273376214,degC
ssp126,emulator,2.2449562412925115,degC
ssp126,emulator,1.9460494749864736,degC
ssp126,emulator,2.1514088201849564,degC
ssp126,emulator,1.986313722014641,degC
ssp126,emulator,1.932531541986874,degC
ssp126,emulator,1.9301846874497866,degC
ssp126,emulator,2.2671997504838135,degC
ssp126,emulator,2.1210194937186575,degC
ssp126,emulator,2.3953216762745395,degC
ssp126,emulator,2.2211273234737074,degC
ssp126,emulator,2.1940630277754014,degC
ssp126,emulator,2.1456631355302793,degC
ssp126,emulator,2.234621884141747,degC
ssp126,emulator,2.05862507885662,degC
ssp126,emulator,1.9471782442735837,degC
ssp126,emulator,1.9768527264321012,degC
ssp126,emulator,2.012307873049254,degC
ssp126,emulator,2.392539724054343,degC
ssp126,emulator,2.329750518949643,degC
ssp126,emulator,1.8407064886495395,degC
ssp126,emulator,1.9686968937722558,degC
ssp126,emulator,2.00731020216797,degC
ssp126,emulator,2.4521339508289355,degC
ssp126,emulator,2.3598974085970337,degC
ssp126,emulator,2.4473433686700634,degC
ssp126,emulator,2.2864785974113513,degC
ssp126,emulator,2.14430112980442,degC
ssp126,emulator,2.2014565959828527,degC
ssp126,emulator,2.3090376196078513,degC
ssp126,emulator,2.385444630827477,degC
ssp126,emulator,2.14037898035439,degC
ssp126,emulator,2.1226648053754733,degC
ssp126,emulator,2.2325956992595035,degC
ssp126,emulator,2.041764830721105,degC
ssp126,emulator,2.1270251466271493,degC
ssp126,emulator,2.255446422068852,degC
ssp126,emulator,2.170792089991364,degC
ssp126,emulator,2.209804040906393,degC
ssp126,emulator,2.288969395926257,degC
ssp126,emulator,2.3480992982706947,degC
ssp126,emulator,2.0814430629906955,degC
ssp126,emulator,1.987282347657919,degC
ssp126,emulator,1.8794074188859504,degC
ssp126,emulator,1.9578173931589102,degC
ssp126,emulator,2.071284927450998,degC
ssp126,emulator,1.8068243428260242,degC
ssp126,emulator,1.8505137890761798,degC
ssp126,emulator,1.7620895752865948,degC
ssp126,emulator,2.101240766882361,degC
ssp126,emulator,2.1839829778665507,degC
ssp126,emulator,2.158117611636124,degC
ssp126,emulator,2.4251158352849256,degC
ssp126,emulator,2.2466923291905037,degC
ssp126,emulator,2.180482591118187,degC
ssp126,emulator,2.077952628686356,degC
ssp126,emulator,2.0040422776464215,degC
ssp126,emulator,2.225647892632848,degC
ssp126,emulator,2.1715686799897487,degC
ssp126,emulator,2.506592193706359,degC
ssp126,emulator,1.9604932069967145,degC
ssp126,emulator,2.286902297713505,degC
ssp126,emulator,2.1459099694556034,degC
ssp126,emulator,2.1860576533557445,degC
ssp126,emulator,2.054677164610437,degC
ssp126,emulator,2.270934481309853,degC
ssp126,emulator,1.9304205155446326,degC
ssp126,emulator,2.1583206952675607,degC
ssp126,emulator,2.238984019549351,degC
ssp126,emulator,2.2070936646457593,degC
ssp126,emulator,2.2961725157353623,degC
ssp126,emulator,2.280917411585735,degC
ssp126,emulator,2.1927828958006703,degC
ssp126,emulator,2.0965783193104084,degC
ssp126,emulator,2.2122342088941824,degC
ssp126,emulator,2.228087460242561,degC
ssp126,emulator,2.029128563679949,degC
ssp126,emulator,2.165296944576136,degC
ssp126,emulator,2.263799993575292,degC
ssp126,emulator,2.1256533658758645,degC
ssp126,emulator,2.008667989552526,degC
ssp126,emulator,2.1829308619920145,degC
ssp126,emulator,2.1014042338204444,degC
ssp126,emulator,2.096735308433308,degC
ssp126,emulator,2.2191123327899422,degC
ssp126,emulator,2.1434859143277887,degC
ssp126,emulator,2.297247573559039,degC
ssp126,emulator,2.036832923697519,degC
ssp126,emulator,2.2311784797248055,degC
ssp126,emulator,2.0467476709497436,degC
ssp126,emulator,2.1354079313504872,degC
ssp126,emulator,2.2863594488755705,degC
ssp126,emulator,2.0410765892260034,degC
ssp126,emulator,1.8477089565607283,degC
ssp126,emulator,2.072238008749496,degC
ssp126,emulator,2.2706517804908994,degC
ssp126,emulator,2.2706074922194954,degC
ssp126,emulator,2.128847865298054,degC
ssp126,emulator,2.1460852206169374,degC
ssp126,emulator,2.3264644835579613,degC
ssp126,emulator,2.2215986916253723,degC
ssp126,emulator,1.9562646634120409,degC
ssp126,emulator,1.9670543302732444,degC
ssp126,emulator,1.9069783154288764,degC
ssp126,emulator,2.188119191334197,degC
ssp126,emulator,2.054110868434284,degC
ssp126,emulator,2.100687746812719,degC
ssp126,emulator,2.0866618157217136,degC
ssp126,emulator,2.3698795987835144,degC
ssp126,emulator,2.2168870155568374,degC
ssp126,emulator,2.1188004920686137,degC
ssp126,emulator,2.365590458233184,degC
ssp126,emulator,2.318103036894554,degC
ssp126,emulator,2.0459007621873457,degC
ssp126,emulator,2.2802761137418717,degC
ssp126,emulator,2.251123573352137,degC
ssp126,emulator,2.24036459780441,degC
ssp126,emulator,1.7951086013669464,degC
ssp126,emulator,2.150618242562439,degC
ssp126,emulator,2.10082516432122,degC
ssp126,emulator,2.158291340763528,degC
ssp126,emulator,2.137097992452878,degC
ssp126,emulator,2.3183144484159524,degC
ssp126,emulator,2.0252073328488844,degC
ssp126,emulator,2.176477250790912,degC
ssp126,emulator,1.9350690693495025,degC
ssp126,emulator,2.041431768203962,degC
ssp126,emulator,2.174160912419355,degC
ssp126,emulator,2.2549367087995105,degC
ssp126,emulator,2.3921650586364844,degC
ssp126,emulator,1.8584664019872257,degC
ssp126,emulator,1.9804871544932912,degC
ssp126,emulator,2.060512802085105,degC
ssp126,emulator,2.1746167765428925,degC
ssp126,emulator,2.2217765093271193,degC
ssp126,emulator,2.2701258547010372,degC
ssp126,emulator,2.0201953016229286,degC
ssp126,emulator,2.076019322386893,degC
ssp126,emulator,2.035101693150411,degC
ssp126,emulator,2.124338624366553,degC
ssp126,emulator,2.1182234877722106,degC
ssp126,emulator,1.7627209620878403,degC
ssp126,emulator,2.1373435474049547,degC
ssp126,emulator,1.769095832864009,degC
ssp126,emulator,2.0074946847138744,degC
ssp126,emulator,2.205876068307445,degC
ssp126,emulator,1.9311063595838025,degC
ssp126,emulator,2.185279422972682,degC
ssp126,emulator,2.252570889316649,degC
ssp126,emulator,1.9681344839520154,degC
ssp126,emulator,2.175875088983636,degC
ssp126,emulator,2.1913912294653546,degC
ssp126,emulator,2.0925543709861163,degC
ssp126,emulator,2.3057489637443798,degC
ssp126,emulator,2.0431660270193905,degC
ssp126,emulator,2.2883003485685283,degC
ssp126,emulator,2.068111477976247,degC
ssp126,emulator,2.2628658258676975,degC
ssp126,emulator,2.2643709185770025,degC
ssp126,emulator,2.1148839710905403,degC
ssp126,emulator,2.1639339763052607,degC
ssp126,emulator,2.1015818787394114,degC
ssp126,emulator,1.855803898191855,degC
ssp126,emulator,1.9650096564962016,degC
ssp126,emulator,1.7760919187659638,degC
ssp126,emulator,2.017792342393852,degC
ssp126,emulator,2.182257445210757,degC
ssp126,emulator,2.3713463008057385,degC
ssp126,emulator,2.291538473164339,degC
ssp126,emulator,2.140287784309022,degC
ssp126,emulator,1.944864883271153,degC
ssp126,emulator,2.2593205658503184,degC
ssp126,emulator,2.1825533642528416,degC
ssp126,emulator,1.9833268111814721,degC
ssp126,emulator,2.159498451655695,degC
ssp126,emulator,2.4010802364781743,degC
ssp126,emulator,1.9632506345957186,degC
ssp126,emulator,2.274928284511139,degC
ssp126,emulator,2.112951638403837,degC
ssp126,emulator,2.2849521953464222,degC
ssp126,emulator,2.202920778844545,degC
ssp126,emulator,2.2295517870365895,degC
ssp126,emulator,2.163640899567225,degC
ssp126,emulator,2.0032180242830915,degC
ssp126,emulator,2.3943927135791707,degC
ssp126,emulator,2.1660067354226644,degC
ssp126,emulator,2.040268932482883,degC
ssp126,emulator,1.9868123829289015,degC
ssp126,emulator,2.105304107314778,degC
ssp126,emulator,2.298857346918398,degC
ssp126,emulator,2.138585617149781,degC
ssp126,emulator,2.391152398788174,degC
ssp126,emulator,2.2317759913432607,degC
ssp126,emulator,2.2448979997179688,degC
ssp126,emulator,1.9278289597899771,degC
ssp126,emulator,2.3033561051190024,degC
ssp126,emulator,2.1626833979503477,degC
ssp126,emulator,2.297437859968765,degC
ssp126,cesm2,2.237337301610694,degC
ssp126,cesm2,2.255897893547626,degC
ssp126,cesm2,1.9401701325484737,degC
ssp126,cesm2,2.148321656415817,degC
ssp126,cesm2,2.4394407821537243,degC
ssp126,cesm2,2.017100022199088,degC
ssp126,cesm2,2.1676009902168403,degC
ssp126,cesm2,2.477400390173841,degC
ssp126,cesm2,2.038907587163351,degC
ssp126,cesm2,2.2462188575487403,degC
ssp126,cesm2,2.1743955665265275,degC
ssp126,cesm2,2.0316920651742407,degC
ssp126,cesm2,2.2654704588509844,degC
ssp126,cesm2,2.351051270416974,degC
ssp126,cesm2,2.28472216211577,degC
ssp126,cesm2,2.2468330995096153,degC
ssp126,cesm2,2.2580960955631895,degC
ssp126,cesm2,2.0430067755385153,degC
ssp126,cesm2,2.3562801430728655,degC
ssp126,cesm2,2.118660728071916,degC
ssp126,cesm2,2.1837964818778914,degC
ssp126,cesm2,2.1831663566062502,degC
ssp126,cesm2,2.281054118940631,degC
ssp126,cesm2,2.298450025576642,degC
ssp126,cesm2,2.2111784825947893,degC
ssp126,cesm2,2.4650502871671733,degC
ssp126,cesm2,2.2764805575757805,degC
ssp126,cesm2,2.324268340196113,degC
ssp126,cesm2,2.349968510974236,degC
ssp126,cesm2,2.303280528845221,degC
ssp245,emulator,3.4607722975314825,degC
ssp245,emulator,3.4558792740640367,degC
ssp245,emulator,3.3024768978413395,degC
ssp245,emulator,3.3180950923947616,degC
ssp245,emulator,3.3346633784090347,degC
ssp245,emulator,3.430370944072566,degC
ssp245,emulator,3.0733925654314067,degC
ssp245,emulator,3.439488984618494,degC
ssp245,emulator,3.2880060982023576,degC
ssp245,emulator,3.520047596531713,degC
ssp245,emulator,2.998230136634705,degC
ssp245,emulator,3.2719918521850406,degC
ssp245,emulator,3.143340565249771,degC
ssp245,emulator,3.5958750668701445,degC
ssp245,emulator,3.340130111472975,degC
ssp245,emulator,3.4492565857377873,degC
ssp245,emulator,3.3024048822618237,degC
ssp245,emulator,3.4361407044028045,degC
ssp245,emulator,3.495786552868344,degC
ssp245,emulator,3.336102139612125,degC
ssp245,emulator,3.3905976888798133,degC
ssp245,emulator,3.4235420879277196,degC
ssp245,emulator,3.3329157557514666,degC
ssp245,emulator,3.35260726464381,degC
ssp245,emulator,3.281575355274578,degC
ssp245,emulator,3.310938109867122,degC
ssp245,emulator,3.310139974750582,degC
ssp245,emulator,3.4267763670110742,degC
ssp245,emulator,3.4466035748219053,degC
ssp245,emulator,3.0926202389706585,degC
ssp245,emulator,3.261589609144904,degC
ssp245,emulator,3.278106046708766,degC
ssp245,emulator,3.037387326503156,degC
ssp245,emulator,3.569978105695645,degC
ssp245,emulator,3.5492406630192814,degC
ssp245,emulator,3.2736580839200062,degC
ssp245,emulator,3.810083266014571,degC
ssp245,emulator,3.5412177932091726,degC
ssp245,emulator,3.2048389988055224,degC
ssp245,emulator,3.5063735970495618,degC
ssp245,emulator,3.1128820331621068,degC
ssp245,emulator,3.2780271002814434,degC
ssp245,emulator,3.497090259729328,degC
ssp245,emulator,3.185944177970585,degC
ssp245,emulator,3.347460929866978,degC
ssp245,emulator,3.15275217412521,degC
ssp245,emulator,3.606768634568164,degC
ssp245,emulator,3.5124356539658255,degC
ssp245,emulator,3.300916151870952,degC
ssp245,emulator,3.3042457754375167,degC
ssp245,emulator,3.520873807748403,degC
ssp245,emulator,3.343347148933132,degC
ssp245,emulator,3.518704105996788,degC
ssp245,emulator,3.3910806782560226,degC
ssp245,emulator,3.154257546895069,degC
ssp245,emulator,3.3599432489979133,degC
ssp245,emulator,3.233062320057032,degC
ssp245,emulator,3.152693333382553,degC
ssp245,emulator,3.1675198957360404,degC
ssp245,emulator,3.5279209288384106,degC
ssp245,emulator,3.2250540150769123,degC
ssp245,emulator,3.5085327186535995,degC
ssp245,emulator,3.4372335285372397,degC
ssp245,emulator,3.3292522298345393,degC
ssp245,emulator,3.3737917820330043,degC
ssp245,emulator,3.488735396247291,degC
ssp245,emulator,3.274859209698038,degC
ssp245,emulator,3.163652186350971,degC
ssp245,emulator,3.2475178136431726,degC
ssp245,emulator,3.3372161274627654,degC
ssp245,emulator,3.519005338044897,degC
ssp245,emulator,3.464124640448107,degC
ssp245,emulator,3.026894547950418,degC
ssp245,emulator,3.203528276944388,degC
ssp245,emulator,3.2905083652088667,degC
ssp245,emulator,3.6136500857173974,degC
ssp245,emulator,3.5191659657710996,degC
ssp245,emulator,3.6309881457464552,degC
ssp245,emulator,3.493552101322388,degC
ssp245,emulator,3.413824880719238,degC
ssp245,emulator,3.3450225793352377,degC
ssp245,emulator,3.4975574113678665,degC
ssp245,emulator,3.552701329504126,degC
ssp245,emulator,3.2885547450997645,degC
ssp245,emulator,3.2797744682185144,degC
ssp245,emulator,3.4009732542190196,degC
ssp245,emulator,3.2593069609392327,degC
ssp245,emulator,3.398695203080818,degC
ssp245,emulator,3.4330606093608207,degC
ssp245,emulator,3.4199421767103093,degC
ssp245,emulator,3.3153906918808804,degC
ssp245,emulator,3.4331577116583443,degC
ssp245,emulator,3.4858624736761303,degC
ssp245,emulator,3.2439360989567216,degC
ssp245,emulator,3.2452490404557874,degC
ssp245,emulator,3.23702203302601,degC
ssp245,emulator,3.221246228728086,degC
ssp245,emulator,3.2648553645857827,degC
ssp245,emulator,3.024869446014181,degC
ssp245,emulator,3.2392958589441516,degC
ssp245,emulator,2.9226204157395106,degC
ssp245,emulator,3.2780321906247973,degC
ssp245,emulator,3.328793888444716,degC
ssp245,emulator,3.321471068618761,degC
ssp245,emulator,3.572861389472793,degC
ssp245,emulator,3.444747567489502,degC
ssp245,emulator,3.427338299309019,degC
ssp245,emulator,3.3050522459624556,degC
ssp245,emulator,3.241301510754427,degC
ssp245,emulator,3.416429610387981,degC
ssp245,emulator,3.2653000814585074,degC
ssp245,emulator,3.6380137746453283,degC
ssp245,emulator,3.0659416585800496,degC
ssp245,emulator,3.4607483316339387,degC
ssp245,emulator,3.3765725029428264,degC
ssp245,emulator,3.4401265483596983,degC
ssp245,emulator,3.305913201973132,degC
ssp245,emulator,3.4823014605331384,degC
ssp245,emulator,3.2637411617080705,degC
ssp245,emulator,3.4119319146930156,degC
ssp245,emulator,3.3542819101744232,degC
ssp245,emulator,3.3413845711875485,degC
ssp245,emulator,3.4382863313696728,degC
ssp245,emulator,3.4470439828702073,degC
ssp245,emulator,3.359701043676429,degC
ssp245,emulator,3.289982690659281,degC
ssp245,emulator,3.415444814010945,degC
ssp245,emulator,3.4387794263405365,degC
ssp245,emulator,3.2316202232799593,degC
ssp245,emulator,3.4285760884933456,degC
ssp245,emulator,3.380689670513137,degC
ssp245,emulator,3.285478444151364,degC
ssp245,emulator,3.3011267998709517,degC
ssp245,emulator,3.3569384159077362,degC
ssp245,emulator,3.3414097582428663,degC
ssp245,emulator,3.365626027906826,degC
ssp245,emulator,3.426271040553969,degC
ssp245,emulator,3.3929560093122344,degC
ssp245,emulator,3.5990714686180656,degC
ssp245,emulator,3.299941303548726,degC
ssp245,emulator,3.395325003669628,degC
ssp245,emulator,3.2967443284561018,degC
ssp245,emulator,3.2843455530606125,degC
ssp245,emulator,3.416004363880168,degC
ssp245,emulator,3.2306400743811228,degC
ssp245,emulator,3.062590945624068,degC
ssp245,emulator,3.3395187202054917,degC
ssp245,emulator,3.4895470569202676,degC
ssp245,emulator,3.472558846593417,degC
ssp245,emulator,3.3986559363120303,degC
ssp245,emulator,3.3035410485470553,degC
ssp245,emulator,3.4659944797520357,degC
ssp245,emulator,3.382329846415603,degC
ssp245,emulator,3.148097307294771,degC
ssp245,emulator,3.12420111062613,degC
ssp245,emulator,3.1102575799274863,degC
ssp245,emulator,3.3561499897171903,degC
ssp245,emulator,3.315027433618093,degC
ssp245,emulator,3.325551097517115,degC
ssp245,emulator,3.356453575571278,degC
ssp245,emulator,3.4749360273227747,degC
ssp245,emulator,3.3345798586187403,degC
ssp245,emulator,3.336484064258981,degC
ssp245,emulator,3.5329325323605243,degC
ssp245,emulator,3.505636990157816,degC
ssp245,emulator,3.250433233693032,degC
ssp245,emulator,3.49156840471983,degC
ssp245,emulator,3.438808148991159,degC
ssp245,emulator,3.4861477507724583,degC
ssp245,emulator,3.047070724784538,degC
ssp245,emulator,3.2544682141879004,degC
ssp245,emulator,3.2774358611688594,degC
ssp245,emulator,3.3514415983700214,degC
ssp245,emulator,3.313461493397993,degC
ssp245,emulator,3.47650960250129,degC
ssp245,emulator,3.3027547365416883,degC
ssp245,emulator,3.392240229104802,degC
ssp245,emulator,3.1778980361401903,degC
ssp245,emulator,3.294193124984366,degC
ssp245,emulator,3.3929509985574153,degC
ssp245,emulator,3.3845307382217538,degC
ssp245,emulator,3.518726844361142,degC
ssp245,emulator,3.2393100099890884,degC
ssp245,emulator,3.1590031822216655,degC
ssp245,emulator,3.2877410769290965,degC
ssp245,emulator,3.367714973256559,degC
ssp245,emulator,3.3970891719816425,degC
ssp245,emulator,3.4585316188732467,degC
ssp245,emulator,3.2607546844526727,degC
ssp245,emulator,3.321630612878378,degC
ssp245,emulator,3.1737793722977177,degC
ssp245,emulator,3.2960711766220516,degC
ssp245,emulator,3.239885117070388,degC
ssp245,emulator,2.9379504065013986,degC
ssp245,emulator,3.3652871880214565,degC
ssp245,emulator,2.968922198681847,degC
ssp245,emulator,3.221461355389538,degC
ssp245,emulator,3.4234918072453393,degC
ssp245,emulator,3.172576276553622,degC
ssp245,emulator,3.4508045106980507,degC
ssp245,emulator,3.343417459480504,degC
ssp245,emulator,3.1219741727237764,degC
ssp245,emulator,3.376416272496675,degC
ssp245,emulator,3.348595012248202,degC
ssp245,emulator,3.268748100640307,degC
ssp245,emulator,3.5272064735146866,degC
ssp245,emulator,3.27310575279707,degC
ssp245,emulator,3.4973896816530488,degC
ssp245,emulator,3.3273144666703747,degC
ssp245,emulator,3.521914105971282,degC
ssp245,emulator,3.390232669989116,degC
ssp245,emulator,3.3666586646650796,degC
ssp245,emulator,3.2985822690468307,degC
ssp245,emulator,3.2766090071477887,degC
ssp245,emulator,3.0575183463592897,degC
ssp245,emulator,3.1420554644962753,degC
ssp245,emulator,3.0068509157352334,degC
ssp245,emulator,3.29390072184019,degC
ssp245,emulator,3.4350725035647844,degC
ssp245,emulator,3.596170688952947,degC
ssp245,emulator,3.392330097936034,degC
ssp245,emulator,3.3622096688979166,degC
ssp245,emulator,3.0988109447077594,degC
ssp245,emulator,3.464144644523481,degC
ssp245,emulator,3.3731828981095457,degC
ssp245,emulator,3.234700286536361,degC
ssp245,emulator,3.4896207848396674,degC
ssp245,emulator,3.5844459863006204,degC
ssp245,emulator,3.2135493297363436,degC
ssp245,emulator,3.5091779525339977,degC
ssp245,emulator,3.2209275172914804,degC
ssp245,emulator,3.4579445658943886,degC
ssp245,emulator,3.36804012371187,degC
ssp245,emulator,3.4107133197923236,degC
ssp245,emulator,3.3406927758338245,degC
ssp245,emulator,3.225309434173658,degC
ssp245,emulator,3.582381622714726,degC
ssp245,emulator,3.3780212746556497,degC
ssp245,emulator,3.253434240086813,degC
ssp245,emulator,3.2316716254274755,degC
ssp245,emulator,3.2631797191853114,degC
ssp245,emulator,3.4125116251447256,degC
ssp245,emulator,3.3411691782727875,degC
ssp245,emulator,3.5482280387485208,degC
ssp245,emulator,3.4128552597537496,degC
ssp245,emulator,3.4615520286591934,degC
ssp245,emulator,3.132482546487976,degC
ssp245,emulator,3.5071385082942523,degC
ssp245,emulator,3.3783437421632865,degC
ssp245,emulator,3.538597343235688,degC
ssp245,cesm2,3.258189708751104,degC
ssp245,cesm2,3.1144038092854203,degC
ssp245,cesm2,3.2842000925897423,degC
ssp245,cesm2,3.411660749020257,degC
ssp245,cesm2,3.2119155370781414,degC
ssp245,cesm2,3.2181717683524766,degC
ssp245,cesm2,3.4081090466851833,degC
ssp245,cesm2,2.971493606134345,degC
ssp245,cesm2,3.248503116417453,degC
ssp245,cesm2,3.3549747919777246,degC
ssp245,cesm2,3.2346184502157485,degC
ssp245,cesm2,3.1647383547221466,degC
ssp245,cesm2,3.3497925566784374,degC
ssp245,cesm2,3.1453842963677516,degC
ssp245,cesm2,3.274982175101229,degC
ssp245,cesm2,3.3951126223807933,degC
ssp245,cesm2,3.229428022674938,degC
ssp245,cesm2,3.133059434553445,degC
ssp245,cesm2,3.4292790781832423,degC
ssp245,cesm2,3.2702068214459814,degC
ssp245,cesm2,3.3134954269779087,degC
ssp245,cesm2,3.1359947303421336,degC
ssp245,cesm2,3.2610297554051044,degC
ssp245,cesm2,3.2680071160667126,degC
ssp245,cesm2,3.28238146471017,degC
ssp245,cesm2,3.323840686000267,degC
ssp245,cesm2,3.187657056169826,degC
ssp245,cesm2,3.5424919373718353,degC
ssp245,cesm2,3.2914906240343953,degC
ssp245,cesm2,3.471484494568699,degC
